id,barcode,inventory_id,person_id,type_of_use,time_of_use,change,reason
1,888233818456,40,3,Access,2025-09-01 06:00:00,-1,
2,910348161816,15,1,Access,2025-09-01 07:45:00,-1,
3,602798878354,20,1,Access,2025-09-01 09:00:00,-1,
4,910348161816,15,1,Access,2025-09-01 13:45:00,-1,
5,910348161816,15,1,Access,2025-09-01 19:45:00,-1,
6,766490599880,16,1,Access,2025-09-01 21:00:00,-1,
7,982136058275,27,2,Access,2025-09-02 05:30:00,-2,
8,517803599150,2,1,Access,2025-09-02 07:00:00,-1,
9,118139526546,52,2,Access,2025-09-02 07:30:00,-1,
10,910348161816,15,1,Access,2025-09-02 07:45:00,-1,
11,910348161816,15,1,Access,2025-09-02 13:45:00,-1,
12,107191382899,48,3,Access,2025-09-02 16:00:00,-1,
13,910348161816,15,1,Access,2025-09-02 20:20:00,-1,
14,766490599880,16,1,Access,2025-09-02 20:30:00,-1,
15,281772244185,5,2,Access,2025-09-03 05:30:00,-1,
16,446404580601,22,3,Access,2025-09-03 08:00:00,-1,
17,910348161816,15,1,Access,2025-09-03 08:20:00,-1,
18,910348161816,15,1,Access,2025-09-03 14:20:00,-1,
19,910348161816,15,1,Access,2025-09-03 19:45:00,-1,
20,766490599880,16,1,Access,2025-09-03 21:00:00,-1,
21,281772244185,5,2,Access,2025-09-04 05:30:00,-1,
22,602798878354,20,1,Access,2025-09-04 06:00:00,-1,
23,374506973694,50,3,Access,2025-09-04 07:00:00,-1,
24,910348161816,15,1,Access,2025-09-04 07:45:00,-1,
25,517803599150,2,1,Access,2025-09-04 11:00:00,-1,
26,910348161816,15,1,Access,2025-09-04 14:00:00,-1,
27,118139526546,52,2,Access,2025-09-04 17:50:00,-1,
28,910348161816,15,1,Access,2025-09-04 20:20:00,-1,
29,766490599880,16,1,Access,2025-09-04 20:30:00,-1,
30,982136058275,27,2,Access,2025-09-05 04:45:00,-2,
31,281772244185,5,2,Access,2025-09-05 04:45:00,-1,
32,118139526546,52,2,Access,2025-09-05 07:30:00,-1,
33,910348161816,15,1,Access,2025-09-05 07:45:00,-1,
34,517803599150,2,1,Access,2025-09-05 13:00:00,-1,
35,910348161816,15,1,Access,2025-09-05 14:20:00,-1,
36,216703345251,54,3,Access,2025-09-05 15:00:00,-1,
37,910348161816,15,1,Access,2025-09-05 20:20:00,-1,
38,766490599880,16,1,Access,2025-09-05 21:00:00,-1,
39,778309208462,58,3,Access,2025-09-06 06:00:00,-1,
40,910348161816,15,1,Access,2025-09-06 07:45:00,-1,
41,910348161816,15,1,Access,2025-09-06 14:00:00,-1,
42,910348161816,15,1,Access,2025-09-06 19:45:00,-1,
43,766490599880,16,1,Access,2025-09-06 21:00:00,-1,
44,281772244185,5,2,Access,2025-09-07 04:45:00,-1,
45,910348161816,15,1,Access,2025-09-07 08:20:00,-1,
46,851462816628,11,3,Access,2025-09-07 11:00:00,-1,
47,910348161816,15,1,Access,2025-09-07 14:20:00,-1,
48,118139526546,52,2,Access,2025-09-07 18:30:00,-1,
49,910348161816,15,1,Access,2025-09-07 20:20:00,-1,
50,766490599880,16,1,Access,2025-09-07 21:00:00,-1,
51,114581785831,45,3,Access,2025-09-08 05:00:00,-1,
52,982136058275,27,2,Access,2025-09-08 08:00:00,-2,
53,281772244185,5,2,Access,2025-09-08 08:00:00,-1,
54,910348161816,15,1,Access,2025-09-08 08:20:00,-1,
55,910348161816,15,1,Access,2025-09-08 14:20:00,-1,
56,910348161816,15,1,Access,2025-09-08 19:45:00,-1,
57,766490599880,16,1,Access,2025-09-08 21:00:00,-1,
58,982136058275,27,2,Access,2025-09-09 05:30:00,-2,
59,910348161816,15,1,Access,2025-09-09 07:45:00,-1,
60,188048531457,24,3,Access,2025-09-09 08:00:00,-1,
61,910348161816,15,1,Access,2025-09-09 13:45:00,-1,
62,118139526546,52,2,Access,2025-09-09 18:30:00,-1,
63,910348161816,15,1,Access,2025-09-09 20:20:00,-1,
64,766490599880,16,1,Access,2025-09-09 20:30:00,-1,
65,982136058275,27,2,Access,2025-09-10 08:00:00,-2,
66,281772244185,5,2,Access,2025-09-10 08:00:00,-1,
67,910348161816,15,1,Access,2025-09-10 08:20:00,-1,
68,517803599150,2,1,Access,2025-09-10 11:00:00,-1,
69,383038191301,80,3,Access,2025-09-10 13:00:00,-1,
70,910348161816,15,1,Access,2025-09-10 14:20:00,-1,
71,118139526546,52,2,Access,2025-09-10 17:50:00,-1,
72,910348161816,15,1,Access,2025-09-10 20:00:00,-1,
73,766490599880,16,1,Access,2025-09-10 20:30:00,-1,
74,982136058275,27,2,Access,2025-09-11 04:45:00,-2,
75,861173648063,38,3,Access,2025-09-11 05:00:00,-1,
76,910348161816,15,1,Access,2025-09-11 08:20:00,-1,
77,910348161816,15,1,Access,2025-09-11 13:45:00,-1,
78,517803599150,2,1,Access,2025-09-11 17:00:00,-1,
79,118139526546,52,2,Access,2025-09-11 17:50:00,-1,
80,910348161816,15,1,Access,2025-09-11 20:20:00,-1,
81,766490599880,16,1,Access,2025-09-11 20:30:00,-1,
82,517803599150,2,1,Access,2025-09-12 06:00:00,-1,
83,814935297846,26,3,Access,2025-09-12 08:00:00,-1,
84,910348161816,15,1,Access,2025-09-12 08:20:00,-1,
85,982136058275,27,2,Access,2025-09-12 09:15:00,-2,
86,281772244185,5,2,Access,2025-09-12 09:15:00,-1,
87,472697964768,78,2,Access,2025-09-12 10:00:00,-1,
88,910348161816,15,1,Access,2025-09-12 14:20:00,-1,
89,910348161816,15,1,Access,2025-09-12 19:45:00,-1,
90,766490599880,16,1,Access,2025-09-12 21:00:00,-1,
91,982136058275,27,2,Access,2025-09-13 04:45:00,-2,
92,281772244185,5,2,Access,2025-09-13 04:45:00,-1,
93,910348161816,15,1,Access,2025-09-13 08:20:00,-1,
94,910348161816,15,1,Access,2025-09-13 14:00:00,-1,
95,982136058275,27,3,Access,2025-09-13 15:00:00,-2,
96,910348161816,15,1,Access,2025-09-13 20:20:00,-1,
97,766490599880,16,1,Access,2025-09-13 21:00:00,-1,
98,982136058275,27,2,Access,2025-09-14 07:00:00,-2,
99,281772244185,5,2,Access,2025-09-14 07:00:00,-1,
100,910348161816,15,1,Access,2025-09-14 07:45:00,-1,
101,517803599150,2,1,Access,2025-09-14 12:00:00,-1,
102,960217503408,33,3,Access,2025-09-14 13:00:00,-1,
103,910348161816,15,1,Access,2025-09-14 14:00:00,-1,
104,118139526546,52,2,Access,2025-09-14 17:50:00,-1,
105,910348161816,15,1,Access,2025-09-14 19:45:00,-1,
106,766490599880,16,1,Access,2025-09-14 21:30:00,-1,
107,982136058275,27,2,Access,2025-09-15 04:45:00,-2,
108,281772244185,5,2,Access,2025-09-15 04:45:00,-1,
109,472697964768,78,2,Access,2025-09-15 05:00:00,-1,
110,118139526546,52,2,Access,2025-09-15 07:30:00,-1,
111,602798878354,20,3,Access,2025-09-15 08:00:00,-1,
112,910348161816,15,1,Access,2025-09-15 08:20:00,-1,
113,910348161816,15,1,Access,2025-09-15 14:00:00,-1,
114,910348161816,15,1,Access,2025-09-15 20:00:00,-1,
115,766490599880,16,1,Access,2025-09-15 21:30:00,-1,
116,982136058275,27,2,Access,2025-09-16 04:45:00,-2,
117,281772244185,5,2,Access,2025-09-16 04:45:00,-1,
118,910348161816,15,1,Access,2025-09-16 07:45:00,-1,
119,910348161816,15,1,Access,2025-09-16 13:45:00,-1,
120,640823347065,8,3,Access,2025-09-16 14:00:00,-1,
121,118139526546,52,2,Access,2025-09-16 18:30:00,-1,
122,910348161816,15,1,Access,2025-09-16 20:20:00,-1,
123,766490599880,16,1,Access,2025-09-16 21:30:00,-1,
124,910348161816,15,1,Access,2025-09-17 08:20:00,-1,
125,910348161816,15,1,Access,2025-09-17 14:20:00,-1,
126,446404580601,22,3,Access,2025-09-17 17:00:00,-1,
127,910348161816,15,1,Access,2025-09-17 20:20:00,-1,
128,766490599880,16,1,Access,2025-09-17 21:00:00,-1,
129,982136058275,27,2,Access,2025-09-18 06:00:00,-2,
130,281772244185,5,2,Access,2025-09-18 06:00:00,-1,
131,910348161816,15,1,Access,2025-09-18 08:00:00,-1,
132,910348161816,15,1,Access,2025-09-18 13:45:00,-1,
133,103850211663,49,3,Access,2025-09-18 17:00:00,-1,
134,118139526546,52,2,Access,2025-09-18 18:30:00,-1,
135,910348161816,15,1,Access,2025-09-18 20:00:00,-1,
136,766490599880,16,1,Access,2025-09-18 21:30:00,-1,
137,281772244185,5,2,Access,2025-09-19 06:00:00,-1,
138,118139526546,52,2,Access,2025-09-19 07:30:00,-1,
139,910348161816,15,1,Access,2025-09-19 07:45:00,-1,
140,517803599150,2,1,Access,2025-09-19 08:00:00,-1,
141,910348161816,15,1,Access,2025-09-19 14:20:00,-1,
142,304620254178,41,3,Access,2025-09-19 16:00:00,-1,
143,910348161816,15,1,Access,2025-09-19 19:45:00,-1,
144,766490599880,16,1,Access,2025-09-19 21:30:00,-1,
145,910348161816,15,1,Access,2025-09-20 08:00:00,-1,
146,604581468157,81,3,Access,2025-09-20 10:00:00,-1,
147,910348161816,15,1,Access,2025-09-20 14:20:00,-1,
148,118139526546,52,2,Access,2025-09-20 18:00:00,-1,
149,910348161816,15,1,Access,2025-09-20 20:20:00,-1,
150,766490599880,16,1,Access,2025-09-20 20:30:00,-1,
151,446404580601,22,3,Access,2025-09-21 07:00:00,-1,
152,910348161816,15,1,Access,2025-09-21 07:45:00,-1,
153,982136058275,27,2,Access,2025-09-21 09:15:00,-2,
154,281772244185,5,2,Access,2025-09-21 09:15:00,-1,
155,910348161816,15,1,Access,2025-09-21 14:00:00,-1,
156,118139526546,52,2,Access,2025-09-21 18:10:00,-1,
157,910348161816,15,1,Access,2025-09-21 20:00:00,-1,
158,766490599880,16,1,Access,2025-09-21 21:00:00,-1,
159,910348161816,15,1,Access,2025-09-22 08:20:00,-1,
160,982136058275,27,2,Access,2025-09-22 09:15:00,-2,
161,281772244185,5,2,Access,2025-09-22 09:15:00,-1,
162,472697964768,78,2,Access,2025-09-22 12:00:00,-1,
163,910348161816,15,1,Access,2025-09-22 14:20:00,-1,
164,363058642556,65,3,Access,2025-09-22 17:00:00,-1,
165,118139526546,52,2,Access,2025-09-22 18:10:00,-1,
166,910348161816,15,1,Access,2025-09-22 19:45:00,-1,
167,766490599880,16,1,Access,2025-09-22 21:30:00,-1,
168,505186266550,42,3,Access,2025-09-23 06:00:00,-1,
169,982136058275,27,2,Access,2025-09-23 06:30:00,-2,
170,910348161816,15,1,Access,2025-09-23 07:45:00,-1,
171,602798878354,20,1,Access,2025-09-23 09:00:00,-1,
172,517803599150,2,1,Access,2025-09-23 10:00:00,-1,
173,910348161816,15,1,Access,2025-09-23 13:45:00,-1,
174,118139526546,52,2,Access,2025-09-23 17:50:00,-1,
175,910348161816,15,1,Access,2025-09-23 19:45:00,-1,
176,766490599880,16,1,Access,2025-09-23 21:00:00,-1,
177,982136058275,27,2,Access,2025-09-24 04:45:00,-2,
178,281772244185,5,2,Access,2025-09-24 04:45:00,-1,
179,472697964768,78,2,Access,2025-09-24 05:00:00,-1,
180,910348161816,15,1,Access,2025-09-24 07:45:00,-1,
181,188048531457,24,3,Access,2025-09-24 11:00:00,-1,
182,910348161816,15,1,Access,2025-09-24 14:00:00,-1,
183,910348161816,15,1,Access,2025-09-24 19:45:00,-1,
184,766490599880,16,1,Access,2025-09-24 20:30:00,-1,
185,982136058275,27,2,Access,2025-09-25 05:30:00,-2,
186,472697964768,78,2,Access,2025-09-25 06:00:00,-1,
187,910348161816,15,1,Access,2025-09-25 08:00:00,-1,
188,196641690036,28,3,Access,2025-09-25 10:00:00,-1,
189,910348161816,15,1,Access,2025-09-25 14:20:00,-1,
190,517803599150,2,1,Access,2025-09-25 15:00:00,-1,
191,602798878354,20,1,Access,2025-09-25 16:00:00,-1,
192,118139526546,52,2,Access,2025-09-25 18:30:00,-1,
193,910348161816,15,1,Access,2025-09-25 20:20:00,-1,
194,766490599880,16,1,Access,2025-09-25 21:00:00,-1,
195,982136058275,27,2,Access,2025-09-26 06:00:00,-2,
196,910348161816,15,1,Access,2025-09-26 07:45:00,-1,
197,517803599150,2,1,Access,2025-09-26 12:00:00,-1,
198,910348161816,15,1,Access,2025-09-26 13:45:00,-1,
199,515137828287,31,3,Access,2025-09-26 14:00:00,-1,
200,118139526546,52,2,Access,2025-09-26 17:50:00,-1,
201,472697964768,78,2,Access,2025-09-26 19:00:00,-1,
202,910348161816,15,1,Access,2025-09-26 19:45:00,-1,
203,766490599880,16,1,Access,2025-09-26 20:30:00,-1,
204,982136058275,27,2,Access,2025-09-27 04:45:00,-2,
205,910348161816,15,1,Access,2025-09-27 07:45:00,-1,
206,910348161816,15,1,Access,2025-09-27 13:45:00,-1,
207,420239914846,18,3,Access,2025-09-27 17:00:00,-1,
208,118139526546,52,2,Access,2025-09-27 17:50:00,-1,
209,910348161816,15,1,Access,2025-09-27 20:20:00,-1,
210,766490599880,16,1,Access,2025-09-27 21:30:00,-1,
211,982136058275,27,2,Access,2025-09-28 04:45:00,-2,
212,281772244185,5,2,Access,2025-09-28 04:45:00,-1,
213,910348161816,15,1,Access,2025-09-28 07:45:00,-1,
214,910348161816,15,1,Access,2025-09-28 14:20:00,-1,
215,116201440367,77,3,Access,2025-09-28 16:00:00,-1,
216,910348161816,15,1,Access,2025-09-28 20:20:00,-1,
217,766490599880,16,1,Access,2025-09-28 21:30:00,-1,
218,281772244185,5,2,Access,2025-09-29 04:45:00,-1,
219,910348161816,15,1,Access,2025-09-29 07:45:00,-1,
220,647859382842,56,3,Access,2025-09-29 13:00:00,-1,
221,910348161816,15,1,Access,2025-09-29 13:45:00,-1,
222,910348161816,15,1,Access,2025-09-29 20:20:00,-1,
223,766490599880,16,1,Access,2025-09-29 21:00:00,-1,
224,517803599150,2,1,Access,2025-09-30 05:00:00,-1,
225,982136058275,27,2,Access,2025-09-30 05:30:00,-2,
226,281772244185,5,2,Access,2025-09-30 05:30:00,-1,
227,910348161816,15,1,Access,2025-09-30 07:45:00,-1,
228,910348161816,15,1,Access,2025-09-30 13:45:00,-1,
229,118139526546,52,2,Access,2025-09-30 17:50:00,-1,
230,248423875210,46,3,Access,2025-09-30 19:00:00,-1,
231,910348161816,15,1,Access,2025-09-30 20:20:00,-1,
232,766490599880,16,1,Access,2025-09-30 20:30:00,-1,
233,579944595686,73,3,Access,2025-10-01 06:00:00,-1,
234,910348161816,15,1,Access,2025-10-01 07:45:00,-1,
235,982136058275,27,2,Access,2025-10-01 09:15:00,-2,
236,910348161816,15,1,Access,2025-10-01 14:00:00,-1,
237,118139526546,52,2,Access,2025-10-01 17:50:00,-1,
238,602798878354,20,1,Access,2025-10-01 19:00:00,-1,
239,910348161816,15,1,Access,2025-10-01 20:20:00,-1,
240,766490599880,16,1,Access,2025-10-01 20:30:00,-1,
241,910348161816,15,1,Access,2025-10-02 07:45:00,-1,
242,793402680681,62,3,Access,2025-10-02 09:00:00,-1,
243,281772244185,5,2,Access,2025-10-02 09:15:00,-1,
244,472697964768,78,2,Access,2025-10-02 11:00:00,-1,
245,910348161816,15,1,Access,2025-10-02 14:20:00,-1,
246,118139526546,52,2,Access,2025-10-02 18:30:00,-1,
247,910348161816,15,1,Access,2025-10-02 19:45:00,-1,
248,766490599880,16,1,Access,2025-10-02 21:30:00,-1,
249,982136058275,27,2,Access,2025-10-03 07:00:00,-2,
250,910348161816,15,1,Access,2025-10-03 08:00:00,-1,
251,879589668070,47,3,Access,2025-10-03 14:00:00,-1,
252,910348161816,15,1,Access,2025-10-03 14:20:00,-1,
253,910348161816,15,1,Access,2025-10-03 20:20:00,-1,
254,766490599880,16,1,Access,2025-10-03 20:30:00,-1,
255,910348161816,15,1,Access,2025-10-04 07:45:00,-1,
256,982136058275,27,2,Access,2025-10-04 08:00:00,-2,
257,531040594875,60,3,Access,2025-10-04 14:00:00,-1,
258,910348161816,15,1,Access,2025-10-04 14:00:00,-1,
259,910348161816,15,1,Access,2025-10-04 19:45:00,-1,
260,766490599880,16,1,Access,2025-10-04 21:00:00,-1,
261,982136058275,27,2,Access,2025-10-05 05:30:00,-2,
262,118139526546,52,2,Access,2025-10-05 07:30:00,-1,
263,910348161816,15,1,Access,2025-10-05 08:00:00,-1,
264,910348161816,15,1,Access,2025-10-05 14:20:00,-1,
265,341904070393,88,3,Access,2025-10-05 16:00:00,-1,
266,910348161816,15,1,Access,2025-10-05 20:20:00,-1,
267,766490599880,16,1,Access,2025-10-05 21:30:00,-1,
268,155555489059,89,3,Access,2025-10-06 05:00:00,-1,
269,281772244185,5,2,Access,2025-10-06 05:30:00,-1,
270,910348161816,15,1,Access,2025-10-06 08:20:00,-1,
271,517803599150,2,1,Access,2025-10-06 13:00:00,-1,
272,910348161816,15,1,Access,2025-10-06 13:45:00,-1,
273,472697964768,78,2,Access,2025-10-06 18:00:00,-1,
274,910348161816,15,1,Access,2025-10-06 19:45:00,-1,
275,766490599880,16,1,Access,2025-10-06 21:00:00,-1,
276,982136058275,27,2,Access,2025-10-07 07:00:00,-2,
277,281772244185,5,2,Access,2025-10-07 07:00:00,-1,
278,907366507418,29,3,Access,2025-10-07 08:00:00,-1,
279,910348161816,15,1,Access,2025-10-07 08:20:00,-1,
280,910348161816,15,1,Access,2025-10-07 14:00:00,-1,
281,118139526546,52,2,Access,2025-10-07 18:00:00,-1,
282,910348161816,15,1,Access,2025-10-07 19:45:00,-1,
283,766490599880,16,1,Access,2025-10-07 20:30:00,-1,
284,464784707322,13,3,Access,2025-10-08 06:00:00,-1,
285,910348161816,15,1,Access,2025-10-08 08:00:00,-1,
286,982136058275,27,2,Access,2025-10-08 09:15:00,-2,
287,281772244185,5,2,Access,2025-10-08 09:15:00,-1,
288,910348161816,15,1,Access,2025-10-08 14:00:00,-1,
289,910348161816,15,1,Access,2025-10-08 19:45:00,-1,
290,766490599880,16,1,Access,2025-10-08 20:30:00,-1,
291,982136058275,27,2,Access,2025-10-09 05:30:00,-2,
292,910348161816,15,1,Access,2025-10-09 08:00:00,-1,
293,602798878354,20,1,Access,2025-10-09 12:00:00,-1,
294,910348161816,15,1,Access,2025-10-09 13:45:00,-1,
295,118139526546,52,2,Access,2025-10-09 17:50:00,-1,
296,383038191301,80,3,Access,2025-10-09 18:00:00,-1,
297,910348161816,15,1,Access,2025-10-09 19:45:00,-1,
298,766490599880,16,1,Access,2025-10-09 20:30:00,-1,
299,517803599150,2,1,Access,2025-10-10 05:00:00,-1,
300,281772244185,5,2,Access,2025-10-10 05:30:00,-1,
301,910348161816,15,1,Access,2025-10-10 08:00:00,-1,
302,196641690036,28,3,Access,2025-10-10 11:00:00,-1,
303,910348161816,15,1,Access,2025-10-10 14:00:00,-1,
304,118139526546,52,2,Access,2025-10-10 17:50:00,-1,
305,910348161816,15,1,Access,2025-10-10 20:20:00,-1,
306,766490599880,16,1,Access,2025-10-10 21:00:00,-1,
307,517803599150,2,1,Access,2025-10-11 07:00:00,-1,
308,982136058275,27,2,Access,2025-10-11 07:30:00,-2,
309,910348161816,15,1,Access,2025-10-11 07:45:00,-1,
310,446404580601,22,3,Access,2025-10-11 12:00:00,-1,
311,910348161816,15,1,Access,2025-10-11 14:00:00,-1,
312,118139526546,52,2,Access,2025-10-11 18:10:00,-1,
313,910348161816,15,1,Access,2025-10-11 20:00:00,-1,
314,766490599880,16,1,Access,2025-10-11 20:30:00,-1,
315,910348161816,15,1,Access,2025-10-12 08:20:00,-1,
316,602798878354,20,1,Access,2025-10-12 11:00:00,-1,
317,910348161816,15,1,Access,2025-10-12 14:20:00,-1,
318,118139526546,52,2,Access,2025-10-12 17:50:00,-1,
319,888233818456,40,3,Access,2025-10-12 18:00:00,-1,
320,910348161816,15,1,Access,2025-10-12 20:20:00,-1,
321,766490599880,16,1,Access,2025-10-12 21:00:00,-1,
322,531040594875,60,3,Access,2025-10-13 07:00:00,-1,
323,910348161816,15,1,Access,2025-10-13 08:20:00,-1,
324,982136058275,27,2,Access,2025-10-13 09:15:00,-2,
325,281772244185,5,2,Access,2025-10-13 09:15:00,-1,
326,910348161816,15,1,Access,2025-10-13 14:20:00,-1,
327,118139526546,52,2,Access,2025-10-13 17:50:00,-1,
328,910348161816,15,1,Access,2025-10-13 19:45:00,-1,
329,766490599880,16,1,Access,2025-10-13 21:30:00,-1,
330,982136058275,27,2,Access,2025-10-14 04:45:00,-2,
331,281772244185,5,2,Access,2025-10-14 04:45:00,-1,
332,910348161816,15,1,Access,2025-10-14 08:00:00,-1,
333,556404900851,66,3,Access,2025-10-14 10:00:00,-1,
334,910348161816,15,1,Access,2025-10-14 14:00:00,-1,
335,910348161816,15,1,Access,2025-10-14 20:00:00,-1,
336,766490599880,16,1,Access,2025-10-14 21:30:00,-1,
337,910348161816,15,1,Access,2025-10-15 07:45:00,-1,
338,910348161816,15,1,Access,2025-10-15 14:00:00,-1,
339,354232121169,86,3,Access,2025-10-15 15:00:00,-1,
340,118139526546,52,2,Access,2025-10-15 18:00:00,-1,
341,910348161816,15,1,Access,2025-10-15 20:20:00,-1,
342,766490599880,16,1,Access,2025-10-15 21:30:00,-1,
343,982136058275,27,2,Access,2025-10-16 05:30:00,-2,
344,281772244185,5,2,Access,2025-10-16 05:30:00,-1,
345,910348161816,15,1,Access,2025-10-16 08:00:00,-1,
346,910348161816,15,1,Access,2025-10-16 14:20:00,-1,
347,430687083902,43,3,Access,2025-10-16 16:00:00,-1,
348,517803599150,2,1,Access,2025-10-16 19:00:00,-1,
349,910348161816,15,1,Access,2025-10-16 20:00:00,-1,
350,766490599880,16,1,Access,2025-10-16 20:30:00,-1,
351,982136058275,27,2,Access,2025-10-17 07:30:00,-2,
352,118139526546,52,2,Access,2025-10-17 07:30:00,-1,
353,910348161816,15,1,Access,2025-10-17 08:00:00,-1,
354,910348161816,15,1,Access,2025-10-17 13:45:00,-1,
355,945355533611,53,3,Access,2025-10-17 15:00:00,-1,
356,910348161816,15,1,Access,2025-10-17 20:20:00,-1,
357,766490599880,16,1,Access,2025-10-17 21:30:00,-1,
358,602798878354,20,1,Access,2025-10-18 05:00:00,-1,
359,982136058275,27,2,Access,2025-10-18 06:30:00,-2,
360,910348161816,15,1,Access,2025-10-18 08:20:00,-1,
361,517803599150,2,1,Access,2025-10-18 11:00:00,-1,
362,910348161816,15,1,Access,2025-10-18 13:45:00,-1,
363,167928307462,92,3,Access,2025-10-18 14:00:00,-1,
364,910348161816,15,1,Access,2025-10-18 20:00:00,-1,
365,766490599880,16,1,Access,2025-10-18 20:30:00,-1,
366,888233818456,40,3,Access,2025-10-19 07:00:00,-1,
367,982136058275,27,2,Access,2025-10-19 07:30:00,-2,
368,281772244185,5,2,Access,2025-10-19 07:30:00,-1,
369,910348161816,15,1,Access,2025-10-19 08:00:00,-1,
370,910348161816,15,1,Access,2025-10-19 14:20:00,-1,
371,472697964768,78,2,Access,2025-10-19 17:00:00,-1,
372,118139526546,52,2,Access,2025-10-19 17:50:00,-1,
373,910348161816,15,1,Access,2025-10-19 20:00:00,-1,
374,766490599880,16,1,Access,2025-10-19 21:00:00,-1,
375,982136058275,27,2,Access,2025-10-20 05:30:00,-2,
376,281772244185,5,2,Access,2025-10-20 05:30:00,-1,
377,910348161816,15,1,Access,2025-10-20 07:45:00,-1,
378,910348161816,15,1,Access,2025-10-20 14:20:00,-1,
379,766987468230,59,3,Access,2025-10-20 16:00:00,-1,
380,910348161816,15,1,Access,2025-10-20 20:20:00,-1,
381,766490599880,16,1,Access,2025-10-20 20:30:00,-1,
382,411899740020,21,3,Access,2025-10-21 07:00:00,-1,
383,118139526546,52,2,Access,2025-10-21 07:30:00,-1,
384,910348161816,15,1,Access,2025-10-21 07:45:00,-1,
385,982136058275,27,2,Access,2025-10-21 08:00:00,-2,
386,281772244185,5,2,Access,2025-10-21 08:00:00,-1,
387,910348161816,15,1,Access,2025-10-21 14:20:00,-1,
388,602798878354,20,1,Access,2025-10-21 15:00:00,-1,
389,517803599150,2,1,Access,2025-10-21 19:00:00,-1,
390,910348161816,15,1,Access,2025-10-21 20:20:00,-1,
391,766490599880,16,1,Access,2025-10-21 21:00:00,-1,
392,281772244185,5,2,Access,2025-10-22 08:00:00,-1,
393,910348161816,15,1,Access,2025-10-22 08:20:00,-1,
394,674176083062,55,3,Access,2025-10-22 11:00:00,-1,
395,472697964768,78,2,Access,2025-10-22 12:00:00,-1,
396,910348161816,15,1,Access,2025-10-22 14:00:00,-1,
397,118139526546,52,2,Access,2025-10-22 18:30:00,-1,
398,910348161816,15,1,Access,2025-10-22 20:20:00,-1,
399,766490599880,16,1,Access,2025-10-22 21:00:00,-1,
400,281772244185,5,2,Access,2025-10-23 08:00:00,-1,
401,910348161816,15,1,Access,2025-10-23 08:20:00,-1,
402,910348161816,15,1,Access,2025-10-23 13:45:00,-1,
403,602798878354,20,1,Access,2025-10-23 17:00:00,-1,
404,118139526546,52,2,Access,2025-10-23 18:30:00,-1,
405,430687083902,43,3,Access,2025-10-23 19:00:00,-1,
406,910348161816,15,1,Access,2025-10-23 20:00:00,-1,
407,766490599880,16,1,Access,2025-10-23 21:00:00,-1,
408,910348161816,15,1,Access,2025-10-24 07:45:00,-1,
409,281772244185,5,2,Access,2025-10-24 08:00:00,-1,
410,910348161816,15,1,Access,2025-10-24 14:20:00,-1,
411,888233818456,40,3,Access,2025-10-24 16:00:00,-1,
412,517803599150,2,1,Access,2025-10-24 17:00:00,-1,
413,118139526546,52,2,Access,2025-10-24 18:30:00,-1,
414,910348161816,15,1,Access,2025-10-24 19:45:00,-1,
415,766490599880,16,1,Access,2025-10-24 20:30:00,-1,
416,118139526546,52,2,Access,2025-10-25 07:30:00,-1,
417,814935297846,26,3,Access,2025-10-25 08:00:00,-1,
418,910348161816,15,1,Access,2025-10-25 08:00:00,-1,
419,281772244185,5,2,Access,2025-10-25 08:00:00,-1,
420,472697964768,78,2,Access,2025-10-25 09:00:00,-1,
421,910348161816,15,1,Access,2025-10-25 14:00:00,-1,
422,910348161816,15,1,Access,2025-10-25 20:20:00,-1,
423,766490599880,16,1,Access,2025-10-25 21:00:00,-1,
424,982136058275,27,2,Access,2025-10-26 04:45:00,-2,
425,910348161816,15,1,Access,2025-10-26 08:00:00,-1,
426,945355533611,53,3,Access,2025-10-26 10:00:00,-1,
427,602798878354,20,1,Access,2025-10-26 10:00:00,-1,
428,910348161816,15,1,Access,2025-10-26 14:20:00,-1,
429,118139526546,52,2,Access,2025-10-26 18:00:00,-1,
430,910348161816,15,1,Access,2025-10-26 19:45:00,-1,
431,766490599880,16,1,Access,2025-10-26 21:00:00,-1,
432,910348161816,15,1,Access,2025-10-27 07:45:00,-1,
433,148388606079,36,3,Access,2025-10-27 08:00:00,-1,
434,982136058275,27,2,Access,2025-10-27 08:00:00,-2,
435,910348161816,15,1,Access,2025-10-27 14:20:00,-1,
436,118139526546,52,2,Access,2025-10-27 18:10:00,-1,
437,910348161816,15,1,Access,2025-10-27 20:00:00,-1,
438,766490599880,16,1,Access,2025-10-27 21:00:00,-1,
439,982136058275,27,2,Access,2025-10-28 07:30:00,-2,
440,281772244185,5,2,Access,2025-10-28 07:30:00,-1,
441,910348161816,15,1,Access,2025-10-28 07:45:00,-1,
442,910348161816,15,1,Access,2025-10-28 14:20:00,-1,
443,114581785831,45,3,Access,2025-10-28 17:00:00,-1,
444,602798878354,20,1,Access,2025-10-28 19:00:00,-1,
445,910348161816,15,1,Access,2025-10-28 20:00:00,-1,
446,766490599880,16,1,Access,2025-10-28 21:30:00,-1,
447,281772244185,5,2,Access,2025-10-29 07:30:00,-1,
448,910348161816,15,1,Access,2025-10-29 08:00:00,-1,
449,483770087100,32,3,Access,2025-10-29 11:00:00,-1,
450,910348161816,15,1,Access,2025-10-29 14:00:00,-1,
451,602798878354,20,1,Access,2025-10-29 16:00:00,-1,
452,910348161816,15,1,Access,2025-10-29 20:00:00,-1,
453,766490599880,16,1,Access,2025-10-29 20:30:00,-1,
454,430687083902,43,3,Access,2025-10-30 06:00:00,-1,
455,281772244185,5,2,Access,2025-10-30 07:30:00,-1,
456,910348161816,15,1,Access,2025-10-30 07:45:00,-1,
457,910348161816,15,1,Access,2025-10-30 14:20:00,-1,
458,602798878354,20,1,Access,2025-10-30 17:00:00,-1,
459,910348161816,15,1,Access,2025-10-30 20:20:00,-1,
460,766490599880,16,1,Access,2025-10-30 21:00:00,-1,
461,982136058275,27,2,Access,2025-10-31 07:30:00,-2,
462,118139526546,52,2,Access,2025-10-31 07:30:00,-1,
463,910348161816,15,1,Access,2025-10-31 07:45:00,-1,
464,910348161816,15,1,Access,2025-10-31 14:20:00,-1,
465,602798878354,20,1,Access,2025-10-31 15:00:00,-1,
466,363058642556,65,3,Access,2025-10-31 19:00:00,-1,
467,910348161816,15,1,Access,2025-10-31 20:00:00,-1,
468,766490599880,16,1,Access,2025-10-31 20:30:00,-1,
469,982136058275,27,2,Access,2025-11-01 06:30:00,-2,
470,281772244185,5,2,Access,2025-11-01 06:30:00,-1,
471,118139526546,52,2,Access,2025-11-01 07:30:00,-1,
472,910348161816,15,1,Access,2025-11-01 08:00:00,-1,
473,910348161816,15,1,Access,2025-11-01 13:45:00,-1,
474,829091962214,7,3,Access,2025-11-01 19:00:00,-1,
475,910348161816,15,1,Access,2025-11-01 20:20:00,-1,
476,766490599880,16,1,Access,2025-11-01 20:30:00,-1,
477,910348161816,15,1,Access,2025-11-02 07:45:00,-1,
478,982136058275,27,2,Access,2025-11-02 08:00:00,-2,
479,281772244185,5,2,Access,2025-11-02 08:00:00,-1,
480,982136058275,27,3,Access,2025-11-02 10:00:00,-2,
481,910348161816,15,1,Access,2025-11-02 14:20:00,-1,
482,910348161816,15,1,Access,2025-11-02 20:20:00,-1,
483,766490599880,16,1,Access,2025-11-02 21:00:00,-1,
484,910348161816,15,1,Access,2025-11-03 07:45:00,-1,
485,602798878354,20,1,Access,2025-11-03 13:00:00,-1,
486,910348161816,15,1,Access,2025-11-03 14:20:00,-1,
487,363058642556,65,3,Access,2025-11-03 15:00:00,-1,
488,118139526546,52,2,Access,2025-11-03 18:10:00,-1,
489,910348161816,15,1,Access,2025-11-03 19:45:00,-1,
490,766490599880,16,1,Access,2025-11-03 21:30:00,-1,
491,910348161816,15,1,Access,2025-11-04 07:45:00,-1,
492,281772244185,5,2,Access,2025-11-04 08:00:00,-1,
493,723142981719,70,3,Access,2025-11-04 11:00:00,-1,
494,910348161816,15,1,Access,2025-11-04 13:45:00,-1,
495,910348161816,15,1,Access,2025-11-04 20:00:00,-1,
496,766490599880,16,1,Access,2025-11-04 21:00:00,-1,
497,982136058275,27,2,Access,2025-11-05 04:45:00,-2,
498,910348161816,15,1,Access,2025-11-05 08:20:00,-1,
499,892059246720,51,3,Access,2025-11-05 12:00:00,-1,
500,910348161816,15,1,Access,2025-11-05 14:20:00,-1,
501,118139526546,52,2,Access,2025-11-05 18:30:00,-1,
502,910348161816,15,1,Access,2025-11-05 20:20:00,-1,
503,766490599880,16,1,Access,2025-11-05 21:00:00,-1,
504,281772244185,5,2,Access,2025-11-06 04:45:00,-1,
505,910348161816,15,1,Access,2025-11-06 08:00:00,-1,
506,293052432148,30,3,Access,2025-11-06 09:00:00,-1,
507,910348161816,15,1,Access,2025-11-06 14:00:00,-1,
508,118139526546,52,2,Access,2025-11-06 17:50:00,-1,
509,910348161816,15,1,Access,2025-11-06 20:00:00,-1,
510,766490599880,16,1,Access,2025-11-06 21:00:00,-1,
511,982136058275,27,2,Access,2025-11-07 07:00:00,-2,
512,281772244185,5,3,Access,2025-11-07 08:00:00,-1,
513,910348161816,15,1,Access,2025-11-07 08:20:00,-1,
514,910348161816,15,1,Access,2025-11-07 14:00:00,-1,
515,910348161816,15,1,Access,2025-11-07 19:45:00,-1,
516,766490599880,16,1,Access,2025-11-07 21:00:00,-1,
517,517803599150,2,1,Access,2025-11-08 06:00:00,-1,
518,910348161816,15,1,Access,2025-11-08 08:00:00,-1,
519,982136058275,27,2,Access,2025-11-08 08:00:00,-2,
520,281772244185,5,2,Access,2025-11-08 08:00:00,-1,
521,814935297846,26,3,Access,2025-11-08 13:00:00,-1,
522,910348161816,15,1,Access,2025-11-08 14:00:00,-1,
523,118139526546,52,2,Access,2025-11-08 18:00:00,-1,
524,910348161816,15,1,Access,2025-11-08 19:45:00,-1,
525,766490599880,16,1,Access,2025-11-08 21:00:00,-1,
526,982136058275,27,2,Access,2025-11-09 07:30:00,-2,
527,281772244185,5,2,Access,2025-11-09 07:30:00,-1,
528,602798878354,20,1,Access,2025-11-09 08:00:00,-1,
529,910348161816,15,1,Access,2025-11-09 08:20:00,-1,
530,910348161816,15,1,Access,2025-11-09 14:20:00,-1,
531,420239914846,18,3,Access,2025-11-09 16:00:00,-1,
532,118139526546,52,2,Access,2025-11-09 18:00:00,-1,
533,910348161816,15,1,Access,2025-11-09 19:45:00,-1,
534,766490599880,16,1,Access,2025-11-09 21:00:00,-1,
535,982136058275,27,2,Access,2025-11-10 04:45:00,-2,
536,281772244185,5,2,Access,2025-11-10 04:45:00,-1,
537,910348161816,15,1,Access,2025-11-10 07:45:00,-1,
538,831740579796,37,3,Access,2025-11-10 11:00:00,-1,
539,910348161816,15,1,Access,2025-11-10 14:00:00,-1,
540,517803599150,2,1,Access,2025-11-10 16:00:00,-1,
541,118139526546,52,2,Access,2025-11-10 18:30:00,-1,
542,910348161816,15,1,Access,2025-11-10 20:00:00,-1,
543,766490599880,16,1,Access,2025-11-10 21:30:00,-1,
544,910348161816,15,1,Access,2025-11-11 08:00:00,-1,
545,602798878354,20,1,Access,2025-11-11 10:00:00,-1,
546,831740579796,37,3,Access,2025-11-11 11:00:00,-1,
547,910348161816,15,1,Access,2025-11-11 14:00:00,-1,
548,517803599150,2,1,Access,2025-11-11 19:00:00,-1,
549,910348161816,15,1,Access,2025-11-11 20:20:00,-1,
550,766490599880,16,1,Access,2025-11-11 21:00:00,-1,
551,982136058275,27,2,Access,2025-11-12 04:45:00,-2,
552,118139526546,52,2,Access,2025-11-12 07:30:00,-1,
553,531040594875,60,3,Access,2025-11-12 08:00:00,-1,
554,517803599150,2,1,Access,2025-11-12 08:00:00,-1,
555,910348161816,15,1,Access,2025-11-12 08:20:00,-1,
556,910348161816,15,1,Access,2025-11-12 14:20:00,-1,
557,910348161816,15,1,Access,2025-11-12 20:20:00,-1,
558,766490599880,16,1,Access,2025-11-12 21:30:00,-1,
559,982136058275,27,2,Access,2025-11-13 04:45:00,-2,
560,281772244185,5,2,Access,2025-11-13 04:45:00,-1,
561,118139526546,52,2,Access,2025-11-13 07:30:00,-1,
562,910348161816,15,1,Access,2025-11-13 07:45:00,-1,
563,281772244185,5,3,Access,2025-11-13 13:00:00,-1,
564,910348161816,15,1,Access,2025-11-13 14:00:00,-1,
565,910348161816,15,1,Access,2025-11-13 20:20:00,-1,
566,766490599880,16,1,Access,2025-11-13 21:00:00,-1,
567,723142981719,70,3,Access,2025-11-14 06:00:00,-1,
568,910348161816,15,1,Access,2025-11-14 08:20:00,-1,
569,982136058275,27,2,Access,2025-11-14 09:15:00,-2,
570,281772244185,5,2,Access,2025-11-14 09:15:00,-1,
571,910348161816,15,1,Access,2025-11-14 14:20:00,-1,
572,910348161816,15,1,Access,2025-11-14 20:20:00,-1,
573,766490599880,16,1,Access,2025-11-14 20:30:00,-1,
574,910348161816,15,1,Access,2025-11-15 07:45:00,-1,
575,982136058275,27,2,Access,2025-11-15 08:00:00,-2,
576,281772244185,5,2,Access,2025-11-15 08:00:00,-1,
577,602798878354,20,1,Access,2025-11-15 12:00:00,-1,
578,910348161816,15,1,Access,2025-11-15 13:45:00,-1,
579,118139526546,52,2,Access,2025-11-15 17:50:00,-1,
580,118139526546,52,3,Access,2025-11-15 18:00:00,-1,
581,910348161816,15,1,Access,2025-11-15 19:45:00,-1,
582,766490599880,16,1,Access,2025-11-15 21:00:00,-1,
583,602798878354,20,1,Access,2025-11-16 06:00:00,-1,
584,244610611314,61,3,Access,2025-11-16 07:00:00,-1,
585,910348161816,15,1,Access,2025-11-16 07:45:00,-1,
586,982136058275,27,2,Access,2025-11-16 09:15:00,-2,
587,281772244185,5,2,Access,2025-11-16 09:15:00,-1,
588,910348161816,15,1,Access,2025-11-16 13:45:00,-1,
589,118139526546,52,2,Access,2025-11-16 17:50:00,-1,
590,910348161816,15,1,Access,2025-11-16 20:20:00,-1,
591,766490599880,16,1,Access,2025-11-16 20:30:00,-1,
592,879589668070,47,3,Access,2025-11-17 07:00:00,-1,
593,910348161816,15,1,Access,2025-11-17 08:00:00,-1,
594,982136058275,27,2,Access,2025-11-17 08:00:00,-2,
595,281772244185,5,2,Access,2025-11-17 08:00:00,-1,
596,910348161816,15,1,Access,2025-11-17 14:20:00,-1,
597,910348161816,15,1,Access,2025-11-17 20:20:00,-1,
598,766490599880,16,1,Access,2025-11-17 21:30:00,-1,
599,910348161816,15,1,Access,2025-11-18 07:45:00,-1,
600,945355533611,53,3,Access,2025-11-18 11:00:00,-1,
601,472697964768,78,2,Access,2025-11-18 12:00:00,-1,
602,910348161816,15,1,Access,2025-11-18 14:20:00,-1,
603,910348161816,15,1,Access,2025-11-18 19:45:00,-1,
604,766490599880,16,1,Access,2025-11-18 20:30:00,-1,
605,859027997796,25,3,Access,2025-11-19 06:00:00,-1,
606,910348161816,15,1,Access,2025-11-19 08:00:00,-1,
607,910348161816,15,1,Access,2025-11-19 14:00:00,-1,
608,517803599150,2,1,Access,2025-11-19 15:00:00,-1,
609,118139526546,52,2,Access,2025-11-19 18:30:00,-1,
610,910348161816,15,1,Access,2025-11-19 20:20:00,-1,
611,766490599880,16,1,Access,2025-11-19 21:00:00,-1,
612,472697964768,78,2,Access,2025-11-20 05:00:00,-1,
613,910348161816,15,1,Access,2025-11-20 08:20:00,-1,
614,982136058275,27,2,Access,2025-11-20 09:15:00,-2,
615,597832813342,75,3,Access,2025-11-20 11:00:00,-1,
616,517803599150,2,1,Access,2025-11-20 11:00:00,-1,
617,910348161816,15,1,Access,2025-11-20 14:20:00,-1,
618,910348161816,15,1,Access,2025-11-20 19:45:00,-1,
619,766490599880,16,1,Access,2025-11-20 20:30:00,-1,
620,910348161816,15,1,Access,2025-11-21 07:45:00,-1,
621,602798878354,20,1,Access,2025-11-21 08:00:00,-1,
622,859027997796,25,3,Access,2025-11-21 12:00:00,-1,
623,910348161816,15,1,Access,2025-11-21 14:00:00,-1,
624,910348161816,15,1,Access,2025-11-21 20:00:00,-1,
625,766490599880,16,1,Access,2025-11-21 21:00:00,-1,
626,602798878354,20,1,Access,2025-11-22 07:00:00,-1,
627,910348161816,15,1,Access,2025-11-22 08:20:00,-1,
628,766490599880,16,3,Access,2025-11-22 09:00:00,-1,
629,982136058275,27,2,Access,2025-11-22 09:15:00,-2,
630,281772244185,5,2,Access,2025-11-22 09:15:00,-1,
631,517803599150,2,1,Access,2025-11-22 12:00:00,-1,
632,910348161816,15,1,Access,2025-11-22 14:20:00,-1,
633,118139526546,52,2,Access,2025-11-22 17:50:00,-1,
634,910348161816,15,1,Access,2025-11-22 20:20:00,-1,
635,766490599880,16,1,Access,2025-11-22 21:00:00,-1,
636,982136058275,27,2,Access,2025-11-23 08:00:00,-2,
637,281772244185,5,2,Access,2025-11-23 08:00:00,-1,
638,910348161816,15,1,Access,2025-11-23 08:20:00,-1,
639,910348161816,15,1,Access,2025-11-23 13:45:00,-1,
640,118139526546,52,2,Access,2025-11-23 17:50:00,-1,
641,793402680681,62,3,Access,2025-11-23 18:00:00,-1,
642,602798878354,20,1,Access,2025-11-23 19:00:00,-1,
643,910348161816,15,1,Access,2025-11-23 19:45:00,-1,
644,766490599880,16,1,Access,2025-11-23 21:00:00,-1,
645,472697964768,78,2,Access,2025-11-24 05:00:00,-1,
646,982136058275,27,2,Access,2025-11-24 07:00:00,-2,
647,281772244185,5,2,Access,2025-11-24 07:00:00,-1,
648,910348161816,15,1,Access,2025-11-24 08:20:00,-1,
649,910348161816,15,1,Access,2025-11-24 14:20:00,-1,
650,104219040581,4,3,Access,2025-11-24 15:00:00,-1,
651,517803599150,2,1,Access,2025-11-24 17:00:00,-1,
652,118139526546,52,2,Access,2025-11-24 17:50:00,-1,
653,910348161816,15,1,Access,2025-11-24 19:45:00,-1,
654,766490599880,16,1,Access,2025-11-24 21:00:00,-1,
655,281772244185,5,2,Access,2025-11-25 07:00:00,-1,
656,118139526546,52,2,Access,2025-11-25 07:30:00,-1,
657,910348161816,15,1,Access,2025-11-25 07:45:00,-1,
658,602798878354,20,1,Access,2025-11-25 13:00:00,-1,
659,910348161816,15,1,Access,2025-11-25 14:00:00,-1,
660,244610611314,61,3,Access,2025-11-25 15:00:00,-1,
661,910348161816,15,1,Access,2025-11-25 19:45:00,-1,
662,766490599880,16,1,Access,2025-11-25 21:00:00,-1,
663,281772244185,5,2,Access,2025-11-26 07:00:00,-1,
664,910348161816,15,1,Access,2025-11-26 08:20:00,-1,
665,910348161816,15,1,Access,2025-11-26 14:00:00,-1,
666,766987468230,59,3,Access,2025-11-26 17:00:00,-1,
667,118139526546,52,2,Access,2025-11-26 17:50:00,-1,
668,910348161816,15,1,Access,2025-11-26 20:00:00,-1,
669,766490599880,16,1,Access,2025-11-26 21:00:00,-1,
670,982136058275,27,2,Access,2025-11-27 05:30:00,-2,
671,281772244185,5,2,Access,2025-11-27 05:30:00,-1,
672,910348161816,15,1,Access,2025-11-27 07:45:00,-1,
673,910348161816,15,1,Access,2025-11-27 14:00:00,-1,
674,430687083902,43,3,Access,2025-11-27 17:00:00,-1,
675,118139526546,52,2,Access,2025-11-27 18:30:00,-1,
676,910348161816,15,1,Access,2025-11-27 20:00:00,-1,
677,766490599880,16,1,Access,2025-11-27 21:30:00,-1,
678,982136058275,27,2,Access,2025-11-28 06:30:00,-2,
679,281772244185,5,2,Access,2025-11-28 06:30:00,-1,
680,910348161816,15,1,Access,2025-11-28 07:45:00,-1,
681,892059246720,51,3,Access,2025-11-28 10:00:00,-1,
682,517803599150,2,1,Access,2025-11-28 12:00:00,-1,
683,910348161816,15,1,Access,2025-11-28 13:45:00,-1,
684,118139526546,52,2,Access,2025-11-28 18:00:00,-1,
685,910348161816,15,1,Access,2025-11-28 20:00:00,-1,
686,766490599880,16,1,Access,2025-11-28 21:00:00,-1,
687,982136058275,27,2,Access,2025-11-29 04:45:00,-2,
688,910348161816,15,1,Access,2025-11-29 07:45:00,-1,
689,244610611314,61,3,Access,2025-11-29 09:00:00,-1,
690,910348161816,15,1,Access,2025-11-29 14:20:00,-1,
691,118139526546,52,2,Access,2025-11-29 18:30:00,-1,
692,910348161816,15,1,Access,2025-11-29 19:45:00,-1,
693,766490599880,16,1,Access,2025-11-29 21:30:00,-1,
694,982136058275,27,2,Access,2025-11-30 04:45:00,-2,
695,517803599150,2,1,Access,2025-11-30 05:00:00,-1,
696,612603497886,90,3,Access,2025-11-30 07:00:00,-1,
697,910348161816,15,1,Access,2025-11-30 08:00:00,-1,
698,910348161816,15,1,Access,2025-11-30 14:00:00,-1,
699,118139526546,52,2,Access,2025-11-30 18:30:00,-1,
700,910348161816,15,1,Access,2025-11-30 20:20:00,-1,
701,766490599880,16,1,Access,2025-11-30 20:30:00,-1,
702,281772244185,5,2,Access,2025-12-01 04:45:00,-1,
703,647859382842,56,3,Access,2025-12-01 05:00:00,-1,
704,910348161816,15,1,Access,2025-12-01 07:45:00,-1,
705,910348161816,15,1,Access,2025-12-01 14:00:00,-1,
706,118139526546,52,2,Access,2025-12-01 18:00:00,-1,
707,910348161816,15,1,Access,2025-12-01 20:20:00,-1,
708,766490599880,16,1,Access,2025-12-01 21:00:00,-1,
709,281772244185,5,2,Access,2025-12-02 04:45:00,-1,
710,910348161816,15,1,Access,2025-12-02 08:00:00,-1,
711,420239914846,18,3,Access,2025-12-02 13:00:00,-1,
712,910348161816,15,1,Access,2025-12-02 13:45:00,-1,
713,910348161816,15,1,Access,2025-12-02 20:20:00,-1,
714,766490599880,16,1,Access,2025-12-02 21:00:00,-1,
715,281772244185,5,2,Access,2025-12-03 04:45:00,-1,
716,910348161816,15,1,Access,2025-12-03 08:00:00,-1,
717,327486057958,9,3,Access,2025-12-03 13:00:00,-1,
718,910348161816,15,1,Access,2025-12-03 14:00:00,-1,
719,118139526546,52,2,Access,2025-12-03 18:00:00,-1,
720,910348161816,15,1,Access,2025-12-03 20:00:00,-1,
721,766490599880,16,1,Access,2025-12-03 20:30:00,-1,
722,910348161816,15,1,Access,2025-12-04 07:45:00,-1,
723,472697964768,78,2,Access,2025-12-04 08:00:00,-1,
724,982136058275,27,2,Access,2025-12-04 09:15:00,-2,
725,281772244185,5,2,Access,2025-12-04 09:15:00,-1,
726,910348161816,15,1,Access,2025-12-04 14:00:00,-1,
727,216703345251,54,3,Access,2025-12-04 18:00:00,-1,
728,118139526546,52,2,Access,2025-12-04 18:00:00,-1,
729,910348161816,15,1,Access,2025-12-04 20:00:00,-1,
730,766490599880,16,1,Access,2025-12-04 21:30:00,-1,
731,602798878354,20,1,Access,2025-12-05 05:00:00,-1,
732,910348161816,15,1,Access,2025-12-05 08:20:00,-1,
733,879589668070,47,3,Access,2025-12-05 09:00:00,-1,
734,517803599150,2,1,Access,2025-12-05 09:00:00,-1,
735,982136058275,27,2,Access,2025-12-05 09:15:00,-2,
736,910348161816,15,1,Access,2025-12-05 13:45:00,-1,
737,910348161816,15,1,Access,2025-12-05 20:00:00,-1,
738,766490599880,16,1,Access,2025-12-05 21:00:00,-1,
739,910348161816,15,1,Access,2025-12-06 07:45:00,-1,
740,888233818456,40,3,Access,2025-12-06 13:00:00,-1,
741,910348161816,15,1,Access,2025-12-06 14:20:00,-1,
742,118139526546,52,2,Access,2025-12-06 17:50:00,-1,
743,910348161816,15,1,Access,2025-12-06 19:45:00,-1,
744,766490599880,16,1,Access,2025-12-06 21:00:00,-1,
745,861173648063,38,3,Access,2025-12-07 08:00:00,-1,
746,910348161816,15,1,Access,2025-12-07 08:00:00,-1,
747,602798878354,20,1,Access,2025-12-07 14:00:00,-1,
748,910348161816,15,1,Access,2025-12-07 14:20:00,-1,
749,118139526546,52,2,Access,2025-12-07 18:10:00,-1,
750,910348161816,15,1,Access,2025-12-07 20:20:00,-1,
751,766490599880,16,1,Access,2025-12-07 21:00:00,-1,
752,118139526546,52,2,Access,2025-12-08 07:30:00,-1,
753,910348161816,15,1,Access,2025-12-08 08:00:00,-1,
754,472697964768,78,2,Access,2025-12-08 08:00:00,-1,
755,301230338732,3,3,Access,2025-12-08 10:00:00,-1,
756,910348161816,15,1,Access,2025-12-08 13:45:00,-1,
757,910348161816,15,1,Access,2025-12-08 20:00:00,-1,
758,766490599880,16,1,Access,2025-12-08 21:30:00,-1,
759,982136058275,27,2,Access,2025-12-09 06:00:00,-2,
760,281772244185,5,2,Access,2025-12-09 06:00:00,-1,
761,910348161816,15,1,Access,2025-12-09 07:45:00,-1,
762,304620254178,41,3,Access,2025-12-09 13:00:00,-1,
763,602798878354,20,1,Access,2025-12-09 13:00:00,-1,
764,910348161816,15,1,Access,2025-12-09 14:00:00,-1,
765,118139526546,52,2,Access,2025-12-09 17:50:00,-1,
766,910348161816,15,1,Access,2025-12-09 19:45:00,-1,
767,766490599880,16,1,Access,2025-12-09 21:00:00,-1,
768,982136058275,27,2,Access,2025-12-10 04:45:00,-2,
769,602798878354,20,1,Access,2025-12-10 06:00:00,-1,
770,517803599150,2,1,Access,2025-12-10 07:00:00,-1,
771,910348161816,15,1,Access,2025-12-10 08:00:00,-1,
772,910348161816,15,1,Access,2025-12-10 13:45:00,-1,
773,118139526546,52,2,Access,2025-12-10 18:30:00,-1,
774,766490599880,16,3,Access,2025-12-10 19:00:00,-1,
775,910348161816,15,1,Access,2025-12-10 20:20:00,-1,
776,766490599880,16,1,Access,2025-12-10 21:00:00,-1,
777,281772244185,5,2,Access,2025-12-11 04:45:00,-1,
778,602798878354,20,1,Access,2025-12-11 06:00:00,-1,
779,118139526546,52,2,Access,2025-12-11 07:30:00,-1,
780,910348161816,15,1,Access,2025-12-11 08:20:00,-1,
781,472697964768,78,2,Access,2025-12-11 12:00:00,-1,
782,910348161816,15,1,Access,2025-12-11 13:45:00,-1,
783,103850211663,49,3,Access,2025-12-11 14:00:00,-1,
784,910348161816,15,1,Access,2025-12-11 19:45:00,-1,
785,766490599880,16,1,Access,2025-12-11 20:30:00,-1,
786,281772244185,5,2,Access,2025-12-12 04:45:00,-1,
787,910348161816,15,1,Access,2025-12-12 08:20:00,-1,
788,492346025761,64,3,Access,2025-12-12 12:00:00,-1,
789,910348161816,15,1,Access,2025-12-12 14:20:00,-1,
790,910348161816,15,1,Access,2025-12-12 20:00:00,-1,
791,766490599880,16,1,Access,2025-12-12 21:00:00,-1,
792,105721833617,57,3,Access,2025-12-13 06:00:00,-1,
793,602798878354,20,1,Access,2025-12-13 06:00:00,-1,
794,982136058275,27,2,Access,2025-12-13 07:30:00,-2,
795,281772244185,5,2,Access,2025-12-13 07:30:00,-1,
796,910348161816,15,1,Access,2025-12-13 08:20:00,-1,
797,910348161816,15,1,Access,2025-12-13 14:00:00,-1,
798,118139526546,52,2,Access,2025-12-13 18:00:00,-1,
799,910348161816,15,1,Access,2025-12-13 20:00:00,-1,
800,766490599880,16,1,Access,2025-12-13 21:00:00,-1,
801,910348161816,15,1,Access,2025-12-14 08:20:00,-1,
802,910348161816,15,1,Access,2025-12-14 13:45:00,-1,
803,118139526546,52,2,Access,2025-12-14 18:10:00,-1,
804,531040594875,60,3,Access,2025-12-14 19:00:00,-1,
805,910348161816,15,1,Access,2025-12-14 19:45:00,-1,
806,766490599880,16,1,Access,2025-12-14 21:00:00,-1,
807,982136058275,27,2,Access,2025-12-15 04:45:00,-2,
808,910348161816,15,1,Access,2025-12-15 07:45:00,-1,
809,472697964768,78,3,Access,2025-12-15 08:00:00,-1,
810,910348161816,15,1,Access,2025-12-15 14:00:00,-1,
811,910348161816,15,1,Access,2025-12-15 19:45:00,-1,
812,766490599880,16,1,Access,2025-12-15 21:30:00,-1,
813,472697964768,78,2,Access,2025-12-16 05:00:00,-1,
814,982136058275,27,2,Access,2025-12-16 07:00:00,-2,
815,148388606079,36,3,Access,2025-12-16 08:00:00,-1,
816,910348161816,15,1,Access,2025-12-16 08:20:00,-1,
817,910348161816,15,1,Access,2025-12-16 14:20:00,-1,
818,517803599150,2,1,Access,2025-12-16 16:00:00,-1,
819,910348161816,15,1,Access,2025-12-16 19:45:00,-1,
820,766490599880,16,1,Access,2025-12-16 21:30:00,-1,
821,982136058275,27,2,Access,2025-12-17 04:45:00,-2,
822,281772244185,5,2,Access,2025-12-17 04:45:00,-1,
823,829091962214,7,3,Access,2025-12-17 06:00:00,-1,
824,910348161816,15,1,Access,2025-12-17 08:00:00,-1,
825,910348161816,15,1,Access,2025-12-17 14:00:00,-1,
826,602798878354,20,1,Access,2025-12-17 15:00:00,-1,
827,118139526546,52,2,Access,2025-12-17 18:10:00,-1,
828,910348161816,15,1,Access,2025-12-17 19:45:00,-1,
829,766490599880,16,1,Access,2025-12-17 21:30:00,-1,
830,910348161816,15,1,Access,2025-12-18 08:20:00,-1,
831,910348161816,15,1,Access,2025-12-18 14:00:00,-1,
832,181641969075,34,3,Access,2025-12-18 16:00:00,-1,
833,910348161816,15,1,Access,2025-12-18 20:00:00,-1,
834,766490599880,16,1,Access,2025-12-18 21:00:00,-1,
835,982136058275,27,2,Access,2025-12-19 04:45:00,-2,
836,281772244185,5,2,Access,2025-12-19 04:45:00,-1,
837,910348161816,15,1,Access,2025-12-19 07:45:00,-1,
838,472697964768,78,2,Access,2025-12-19 09:00:00,-1,
839,602798878354,20,1,Access,2025-12-19 12:00:00,-1,
840,910348161816,15,1,Access,2025-12-19 14:20:00,-1,
841,720192857273,83,3,Access,2025-12-19 18:00:00,-1,
842,118139526546,52,2,Access,2025-12-19 18:10:00,-1,
843,910348161816,15,1,Access,2025-12-19 19:45:00,-1,
844,766490599880,16,1,Access,2025-12-19 20:30:00,-1,
845,910348161816,15,1,Access,2025-12-20 07:45:00,-1,
846,982136058275,27,2,Access,2025-12-20 09:15:00,-2,
847,281772244185,5,2,Access,2025-12-20 09:15:00,-1,
848,910348161816,15,1,Access,2025-12-20 14:20:00,-1,
849,155555489059,89,3,Access,2025-12-20 17:00:00,-1,
850,118139526546,52,2,Access,2025-12-20 18:00:00,-1,
851,910348161816,15,1,Access,2025-12-20 20:00:00,-1,
852,766490599880,16,1,Access,2025-12-20 21:30:00,-1,
853,982136058275,27,2,Access,2025-12-21 07:30:00,-2,
854,910348161816,15,1,Access,2025-12-21 08:20:00,-1,
855,602798878354,20,1,Access,2025-12-21 09:00:00,-1,
856,517803599150,2,1,Access,2025-12-21 13:00:00,-1,
857,910348161816,15,1,Access,2025-12-21 14:20:00,-1,
858,766987468230,59,3,Access,2025-12-21 17:00:00,-1,
859,910348161816,15,1,Access,2025-12-21 19:45:00,-1,
860,766490599880,16,1,Access,2025-12-21 20:30:00,-1,
861,982136058275,27,2,Access,2025-12-22 05:30:00,-2,
862,281772244185,5,2,Access,2025-12-22 05:30:00,-1,
863,262299280945,69,3,Access,2025-12-22 07:00:00,-1,
864,910348161816,15,1,Access,2025-12-22 08:20:00,-1,
865,517803599150,2,1,Access,2025-12-22 10:00:00,-1,
866,910348161816,15,1,Access,2025-12-22 13:45:00,-1,
867,118139526546,52,2,Access,2025-12-22 18:00:00,-1,
868,910348161816,15,1,Access,2025-12-22 20:00:00,-1,
869,766490599880,16,1,Access,2025-12-22 21:00:00,-1,
870,910348161816,15,1,Access,2025-12-23 08:20:00,-1,
871,907366507418,29,3,Access,2025-12-23 12:00:00,-1,
872,910348161816,15,1,Access,2025-12-23 14:00:00,-1,
873,118139526546,52,2,Access,2025-12-23 18:30:00,-1,
874,910348161816,15,1,Access,2025-12-23 20:20:00,-1,
875,766490599880,16,1,Access,2025-12-23 20:30:00,-1,
876,982136058275,27,2,Access,2025-12-24 04:45:00,-2,
877,281772244185,5,2,Access,2025-12-24 04:45:00,-1,
878,793402680681,62,3,Access,2025-12-24 07:00:00,-1,
879,910348161816,15,1,Access,2025-12-24 08:00:00,-1,
880,910348161816,15,1,Access,2025-12-24 14:20:00,-1,
881,517803599150,2,1,Access,2025-12-24 18:00:00,-1,
882,118139526546,52,2,Access,2025-12-24 18:30:00,-1,
883,910348161816,15,1,Access,2025-12-24 20:20:00,-1,
884,766490599880,16,1,Access,2025-12-24 20:30:00,-1,
885,281772244185,5,2,Access,2025-12-25 04:45:00,-1,
886,910348161816,15,1,Access,2025-12-25 08:00:00,-1,
887,420239914846,18,3,Access,2025-12-25 13:00:00,-1,
888,910348161816,15,1,Access,2025-12-25 14:20:00,-1,
889,118139526546,52,2,Access,2025-12-25 18:30:00,-1,
890,910348161816,15,1,Access,2025-12-25 20:00:00,-1,
891,766490599880,16,1,Access,2025-12-25 20:30:00,-1,
892,910348161816,15,1,Access,2025-12-26 07:45:00,-1,
893,982136058275,27,2,Access,2025-12-26 09:15:00,-2,
894,281772244185,5,2,Access,2025-12-26 09:15:00,-1,
895,861173648063,38,3,Access,2025-12-26 11:00:00,-1,
896,910348161816,15,1,Access,2025-12-26 14:20:00,-1,
897,910348161816,15,1,Access,2025-12-26 20:00:00,-1,
898,766490599880,16,1,Access,2025-12-26 21:00:00,-1,
899,910348161816,15,1,Access,2025-12-27 07:45:00,-1,
900,982136058275,27,2,Access,2025-12-27 09:15:00,-2,
901,281772244185,5,2,Access,2025-12-27 09:15:00,-1,
902,910348161816,15,1,Access,2025-12-27 14:20:00,-1,
903,118139526546,52,2,Access,2025-12-27 18:30:00,-1,
904,363058642556,65,3,Access,2025-12-27 19:00:00,-1,
905,910348161816,15,1,Access,2025-12-27 19:45:00,-1,
906,766490599880,16,1,Access,2025-12-27 21:30:00,-1,
907,910348161816,15,1,Access,2025-12-28 07:45:00,-1,
908,982136058275,27,2,Access,2025-12-28 09:15:00,-2,
909,281772244185,5,2,Access,2025-12-28 09:15:00,-1,
910,910348161816,15,1,Access,2025-12-28 13:45:00,-1,
911,778309208462,58,3,Access,2025-12-28 17:00:00,-1,
912,118139526546,52,2,Access,2025-12-28 18:00:00,-1,
913,602798878354,20,1,Access,2025-12-28 19:00:00,-1,
914,910348161816,15,1,Access,2025-12-28 19:45:00,-1,
915,766490599880,16,1,Access,2025-12-28 21:00:00,-1,
916,517803599150,2,1,Access,2025-12-29 06:00:00,-1,
917,947505107004,87,3,Access,2025-12-29 08:00:00,-1,
918,910348161816,15,1,Access,2025-12-29 08:20:00,-1,
919,910348161816,15,1,Access,2025-12-29 14:00:00,-1,
920,118139526546,52,2,Access,2025-12-29 18:10:00,-1,
921,910348161816,15,1,Access,2025-12-29 20:00:00,-1,
922,766490599880,16,1,Access,2025-12-29 20:30:00,-1,
923,982136058275,27,2,Access,2025-12-30 04:45:00,-2,
924,281772244185,5,2,Access,2025-12-30 04:45:00,-1,
925,118139526546,52,2,Access,2025-12-30 07:30:00,-1,
926,910348161816,15,1,Access,2025-12-30 08:00:00,-1,
927,982136058275,27,3,Access,2025-12-30 09:00:00,-2,
928,602798878354,20,1,Access,2025-12-30 09:00:00,-1,
929,910348161816,15,1,Access,2025-12-30 13:45:00,-1,
930,910348161816,15,1,Access,2025-12-30 20:20:00,-1,
931,766490599880,16,1,Access,2025-12-30 21:00:00,-1,
932,118139526546,52,2,Access,2025-12-31 07:30:00,-1,
933,910348161816,15,1,Access,2025-12-31 08:20:00,-1,
934,982136058275,27,2,Access,2025-12-31 09:15:00,-2,
935,281772244185,5,2,Access,2025-12-31 09:15:00,-1,
936,910348161816,15,1,Access,2025-12-31 13:45:00,-1,
937,600832053119,17,3,Access,2025-12-31 15:00:00,-1,
938,910348161816,15,1,Access,2025-12-31 20:00:00,-1,
939,766490599880,16,1,Access,2025-12-31 21:30:00,-1,
940,982136058275,27,2,Access,2026-01-01 05:30:00,-2,
941,281772244185,5,2,Access,2026-01-01 05:30:00,-1,
942,910348161816,15,1,Access,2026-01-01 07:45:00,-1,
943,902366742687,76,3,Access,2026-01-01 10:00:00,-1,
944,910348161816,15,1,Access,2026-01-01 13:45:00,-1,
945,517803599150,2,1,Access,2026-01-01 15:00:00,-1,
946,910348161816,15,1,Access,2026-01-01 20:20:00,-1,
947,766490599880,16,1,Access,2026-01-01 21:00:00,-1,
948,982136058275,27,2,Access,2026-01-02 05:30:00,-2,
949,910348161816,15,1,Access,2026-01-02 08:00:00,-1,
950,910348161816,15,1,Access,2026-01-02 14:00:00,-1,
951,639472370728,39,3,Access,2026-01-02 19:00:00,-1,
952,910348161816,15,1,Access,2026-01-02 19:45:00,-1,
953,766490599880,16,1,Access,2026-01-02 21:00:00,-1,
954,982136058275,27,2,Access,2026-01-03 04:45:00,-2,
955,281772244185,5,2,Access,2026-01-03 04:45:00,-1,
956,910348161816,15,1,Access,2026-01-03 08:20:00,-1,
957,765111804493,44,3,Access,2026-01-03 12:00:00,-1,
958,910348161816,15,1,Access,2026-01-03 14:00:00,-1,
959,602798878354,20,1,Access,2026-01-03 15:00:00,-1,
960,118139526546,52,2,Access,2026-01-03 18:30:00,-1,
961,910348161816,15,1,Access,2026-01-03 20:00:00,-1,
962,766490599880,16,1,Access,2026-01-03 21:30:00,-1,
963,982136058275,27,2,Access,2026-01-04 04:45:00,-2,
964,910348161816,15,1,Access,2026-01-04 07:45:00,-1,
965,248423875210,46,3,Access,2026-01-04 08:00:00,-1,
966,910348161816,15,1,Access,2026-01-04 14:20:00,-1,
967,118139526546,52,2,Access,2026-01-04 18:30:00,-1,
968,910348161816,15,1,Access,2026-01-04 20:20:00,-1,
969,766490599880,16,1,Access,2026-01-04 21:30:00,-1,
970,281772244185,5,2,Access,2026-01-05 04:45:00,-1,
971,374506973694,50,3,Access,2026-01-05 06:00:00,-1,
972,910348161816,15,1,Access,2026-01-05 07:45:00,-1,
973,602798878354,20,1,Access,2026-01-05 09:00:00,-1,
974,910348161816,15,1,Access,2026-01-05 14:20:00,-1,
975,517803599150,2,1,Access,2026-01-05 17:00:00,-1,
976,118139526546,52,2,Access,2026-01-05 18:00:00,-1,
977,910348161816,15,1,Access,2026-01-05 19:45:00,-1,
978,766490599880,16,1,Access,2026-01-05 20:30:00,-1,
979,505186266550,42,3,Access,2026-01-06 05:00:00,-1,
980,982136058275,27,2,Access,2026-01-06 07:00:00,-2,
981,281772244185,5,2,Access,2026-01-06 07:00:00,-1,
982,910348161816,15,1,Access,2026-01-06 08:20:00,-1,
983,517803599150,2,1,Access,2026-01-06 12:00:00,-1,
984,910348161816,15,1,Access,2026-01-06 14:20:00,-1,
985,118139526546,52,2,Access,2026-01-06 18:30:00,-1,
986,910348161816,15,1,Access,2026-01-06 20:00:00,-1,
987,766490599880,16,1,Access,2026-01-06 21:00:00,-1,
988,602798878354,20,1,Access,2026-01-07 06:00:00,-1,
989,982136058275,27,2,Access,2026-01-07 07:00:00,-2,
990,910348161816,15,1,Access,2026-01-07 08:20:00,-1,
991,851462816628,11,3,Access,2026-01-07 13:00:00,-1,
992,910348161816,15,1,Access,2026-01-07 14:00:00,-1,
993,910348161816,15,1,Access,2026-01-07 20:20:00,-1,
994,766490599880,16,1,Access,2026-01-07 21:30:00,-1,
995,910348161816,15,1,Access,2026-01-08 07:45:00,-1,
996,982136058275,27,2,Access,2026-01-08 09:15:00,-2,
997,281772244185,5,2,Access,2026-01-08 09:15:00,-1,
998,383038191301,80,3,Access,2026-01-08 14:00:00,-1,
999,910348161816,15,1,Access,2026-01-08 14:20:00,-1,
1000,910348161816,15,1,Access,2026-01-08 19:45:00,-1,
1001,766490599880,16,1,Access,2026-01-08 21:30:00,-1,
1002,374506973694,50,3,Access,2026-01-09 05:00:00,-1,
1003,517803599150,2,1,Access,2026-01-09 05:00:00,-1,
1004,982136058275,27,2,Access,2026-01-09 07:30:00,-2,
1005,281772244185,5,2,Access,2026-01-09 07:30:00,-1,
1006,910348161816,15,1,Access,2026-01-09 08:00:00,-1,
1007,910348161816,15,1,Access,2026-01-09 14:20:00,-1,
1008,118139526546,52,2,Access,2026-01-09 18:30:00,-1,
1009,910348161816,15,1,Access,2026-01-09 19:45:00,-1,
1010,766490599880,16,1,Access,2026-01-09 21:30:00,-1,
1011,472697964768,78,2,Access,2026-01-10 06:00:00,-1,
1012,602798878354,20,1,Access,2026-01-10 07:00:00,-1,
1013,118139526546,52,2,Access,2026-01-10 07:30:00,-1,
1014,281772244185,5,2,Access,2026-01-10 07:30:00,-1,
1015,910348161816,15,1,Access,2026-01-10 08:00:00,-1,
1016,910348161816,15,1,Access,2026-01-10 14:20:00,-1,
1017,167928307462,92,3,Access,2026-01-10 16:00:00,-1,
1018,910348161816,15,1,Access,2026-01-10 20:20:00,-1,
1019,766490599880,16,1,Access,2026-01-10 21:30:00,-1,
1020,879589668070,47,3,Access,2026-01-11 05:00:00,-1,
1021,910348161816,15,1,Access,2026-01-11 07:45:00,-1,
1022,517803599150,2,1,Access,2026-01-11 10:00:00,-1,
1023,910348161816,15,1,Access,2026-01-11 14:00:00,-1,
1024,118139526546,52,2,Access,2026-01-11 18:00:00,-1,
1025,910348161816,15,1,Access,2026-01-11 19:45:00,-1,
1026,766490599880,16,1,Access,2026-01-11 21:00:00,-1,
1027,383038191301,80,3,Access,2026-01-12 06:00:00,-1,
1028,910348161816,15,1,Access,2026-01-12 08:20:00,-1,
1029,910348161816,15,1,Access,2026-01-12 14:20:00,-1,
1030,910348161816,15,1,Access,2026-01-12 20:00:00,-1,
1031,766490599880,16,1,Access,2026-01-12 20:30:00,-1,
1032,910348161816,15,1,Access,2026-01-13 07:45:00,-1,
1033,602798878354,20,1,Access,2026-01-13 08:00:00,-1,
1034,982136058275,27,2,Access,2026-01-13 09:15:00,-2,
1035,910348161816,15,1,Access,2026-01-13 14:00:00,-1,
1036,118139526546,52,2,Access,2026-01-13 17:50:00,-1,
1037,114581785831,45,3,Access,2026-01-13 18:00:00,-1,
1038,910348161816,15,1,Access,2026-01-13 20:00:00,-1,
1039,766490599880,16,1,Access,2026-01-13 21:30:00,-1,
1040,493414910061,35,3,Access,2026-01-14 06:00:00,-1,
1041,982136058275,27,2,Access,2026-01-14 07:00:00,-2,
1042,281772244185,5,2,Access,2026-01-14 07:00:00,-1,
1043,910348161816,15,1,Access,2026-01-14 08:00:00,-1,
1044,910348161816,15,1,Access,2026-01-14 13:45:00,-1,
1045,118139526546,52,2,Access,2026-01-14 18:30:00,-1,
1046,910348161816,15,1,Access,2026-01-14 20:00:00,-1,
1047,766490599880,16,1,Access,2026-01-14 20:30:00,-1,
1048,982136058275,27,2,Access,2026-01-15 07:00:00,-2,
1049,746614579092,1,3,Access,2026-01-15 08:00:00,-1,
1050,910348161816,15,1,Access,2026-01-15 08:20:00,-1,
1051,910348161816,15,1,Access,2026-01-15 14:00:00,-1,
1052,118139526546,52,2,Access,2026-01-15 17:50:00,-1,
1053,910348161816,15,1,Access,2026-01-15 20:20:00,-1,
1054,766490599880,16,1,Access,2026-01-15 21:00:00,-1,
1055,910348161816,15,1,Access,2026-01-16 07:45:00,-1,
1056,982136058275,27,2,Access,2026-01-16 09:15:00,-2,
1057,910348161816,15,1,Access,2026-01-16 14:00:00,-1,
1058,446404580601,22,3,Access,2026-01-16 15:00:00,-1,
1059,118139526546,52,2,Access,2026-01-16 18:30:00,-1,
1060,910348161816,15,1,Access,2026-01-16 20:00:00,-1,
1061,766490599880,16,1,Access,2026-01-16 21:00:00,-1,
1062,602798878354,20,1,Access,2026-01-17 07:00:00,-1,
1063,720192857273,83,3,Access,2026-01-17 08:00:00,-1,
1064,910348161816,15,1,Access,2026-01-17 08:20:00,-1,
1065,982136058275,27,2,Access,2026-01-17 09:15:00,-2,
1066,910348161816,15,1,Access,2026-01-17 14:00:00,-1,
1067,118139526546,52,2,Access,2026-01-17 18:00:00,-1,
1068,910348161816,15,1,Access,2026-01-17 20:20:00,-1,
1069,766490599880,16,1,Access,2026-01-17 21:30:00,-1,
1070,982136058275,27,2,Access,2026-01-18 04:45:00,-2,
1071,281772244185,5,2,Access,2026-01-18 04:45:00,-1,
1072,778309208462,58,3,Access,2026-01-18 07:00:00,-1,
1073,910348161816,15,1,Access,2026-01-18 07:45:00,-1,
1074,910348161816,15,1,Access,2026-01-18 14:00:00,-1,
1075,118139526546,52,2,Access,2026-01-18 18:00:00,-1,
1076,910348161816,15,1,Access,2026-01-18 19:45:00,-1,
1077,766490599880,16,1,Access,2026-01-18 21:00:00,-1,
1078,982136058275,27,2,Access,2026-01-19 04:45:00,-2,
1079,281772244185,5,2,Access,2026-01-19 04:45:00,-1,
1080,910348161816,15,1,Access,2026-01-19 07:45:00,-1,
1081,830808295836,12,3,Access,2026-01-19 14:00:00,-1,
1082,910348161816,15,1,Access,2026-01-19 14:20:00,-1,
1083,602798878354,20,1,Access,2026-01-19 16:00:00,-1,
1084,118139526546,52,2,Access,2026-01-19 18:10:00,-1,
1085,910348161816,15,1,Access,2026-01-19 20:20:00,-1,
1086,766490599880,16,1,Access,2026-01-19 21:00:00,-1,
1087,281772244185,5,2,Access,2026-01-20 04:45:00,-1,
1088,689607954985,23,3,Access,2026-01-20 08:00:00,-1,
1089,910348161816,15,1,Access,2026-01-20 08:20:00,-1,
1090,910348161816,15,1,Access,2026-01-20 13:45:00,-1,
1091,910348161816,15,1,Access,2026-01-20 19:45:00,-1,
1092,766490599880,16,1,Access,2026-01-20 21:00:00,-1,
1093,910348161816,15,1,Access,2026-01-21 07:45:00,-1,
1094,982136058275,27,2,Access,2026-01-21 08:00:00,-2,
1095,281772244185,5,2,Access,2026-01-21 08:00:00,-1,
1096,910348161816,15,1,Access,2026-01-21 14:00:00,-1,
1097,689607954985,23,3,Access,2026-01-21 17:00:00,-1,
1098,472697964768,78,2,Access,2026-01-21 17:00:00,-1,
1099,910348161816,15,1,Access,2026-01-21 20:20:00,-1,
1100,766490599880,16,1,Access,2026-01-21 21:30:00,-1,
1101,602798878354,20,1,Access,2026-01-22 07:00:00,-1,
1102,602246304071,82,3,Access,2026-01-22 08:00:00,-1,
1103,910348161816,15,1,Access,2026-01-22 08:20:00,-1,
1104,982136058275,27,2,Access,2026-01-22 09:15:00,-2,
1105,910348161816,15,1,Access,2026-01-22 13:45:00,-1,
1106,118139526546,52,2,Access,2026-01-22 17:50:00,-1,
1107,910348161816,15,1,Access,2026-01-22 20:00:00,-1,
1108,766490599880,16,1,Access,2026-01-22 21:30:00,-1,
1109,196641690036,28,3,Access,2026-01-23 06:00:00,-1,
1110,910348161816,15,1,Access,2026-01-23 07:45:00,-1,
1111,982136058275,27,2,Access,2026-01-23 08:00:00,-2,
1112,281772244185,5,2,Access,2026-01-23 08:00:00,-1,
1113,910348161816,15,1,Access,2026-01-23 14:00:00,-1,
1114,602798878354,20,1,Access,2026-01-23 18:00:00,-1,
1115,118139526546,52,2,Access,2026-01-23 18:00:00,-1,
1116,910348161816,15,1,Access,2026-01-23 19:45:00,-1,
1117,766490599880,16,1,Access,2026-01-23 21:30:00,-1,
1118,982136058275,27,2,Access,2026-01-24 07:00:00,-2,
1119,910348161816,15,1,Access,2026-01-24 07:45:00,-1,
1120,472697964768,78,2,Access,2026-01-24 08:00:00,-1,
1121,907366507418,29,3,Access,2026-01-24 11:00:00,-1,
1122,517803599150,2,1,Access,2026-01-24 12:00:00,-1,
1123,910348161816,15,1,Access,2026-01-24 14:00:00,-1,
1124,602798878354,20,1,Access,2026-01-24 18:00:00,-1,
1125,118139526546,52,2,Access,2026-01-24 18:00:00,-1,
1126,910348161816,15,1,Access,2026-01-24 20:20:00,-1,
1127,766490599880,16,1,Access,2026-01-24 21:30:00,-1,
1128,281772244185,5,2,Access,2026-01-25 07:00:00,-1,
1129,910348161816,15,1,Access,2026-01-25 08:20:00,-1,
1130,517803599150,2,3,Access,2026-01-25 11:00:00,-1,
1131,910348161816,15,1,Access,2026-01-25 14:00:00,-1,
1132,910348161816,15,1,Access,2026-01-25 20:00:00,-1,
1133,766490599880,16,1,Access,2026-01-25 21:30:00,-1,
1134,910348161816,15,1,Access,2026-01-26 08:20:00,-1,
1135,602246304071,82,3,Access,2026-01-26 12:00:00,-1,
1136,910348161816,15,1,Access,2026-01-26 13:45:00,-1,
1137,910348161816,15,1,Access,2026-01-26 14:20:00,-1,
1138,118139526546,52,2,Access,2026-01-26 18:00:00,-1,
1139,910348161816,15,1,Access,2026-01-26 19:45:00,-1,
1140,910348161816,15,1,Access,2026-01-26 20:00:00,-1,
1141,766490599880,16,1,Access,2026-01-26 21:00:00,-1,
1142,910348161816,15,1,Access,2026-01-27 07:45:00,-1,
1143,910348161816,15,1,Access,2026-01-27 08:00:00,-1,
1144,602798878354,20,1,Access,2026-01-27 10:00:00,-1,
1145,910348161816,15,1,Access,2026-01-27 14:00:00,-1,
1146,910348161816,15,1,Access,2026-01-27 14:20:00,-1,
1147,118139526546,52,3,Access,2026-01-27 15:00:00,-1,
1148,517803599150,2,1,Access,2026-01-27 15:00:00,-1,
1149,118139526546,52,2,Access,2026-01-27 18:10:00,-1,
1150,910348161816,15,1,Access,2026-01-27 20:00:00,-1,
1151,910348161816,15,1,Access,2026-01-27 20:20:00,-1,
1152,766490599880,16,1,Access,2026-01-27 21:30:00,-1,
1153,766490599880,16,1,Access,2026-01-27 21:30:00,-1,
1154,118139526546,52,2,Access,2026-01-28 07:30:00,-1,
1155,910348161816,15,1,Access,2026-01-28 07:45:00,-1,
1156,910348161816,15,1,Access,2026-01-28 07:45:00,-1,
1157,982136058275,27,2,Access,2026-01-28 08:00:00,-2,
1158,910348161816,15,1,Access,2026-01-28 14:00:00,-1,
1159,910348161816,15,1,Access,2026-01-28 14:20:00,-1,
1160,902366742687,76,3,Access,2026-01-28 15:00:00,-1,
1161,602798878354,20,1,Access,2026-01-28 17:00:00,-1,
1162,472697964768,78,2,Access,2026-01-28 18:00:00,-1,
1163,910348161816,15,1,Access,2026-01-28 20:00:00,-1,
1164,910348161816,15,1,Access,2026-01-28 20:20:00,-1,
1165,766490599880,16,1,Access,2026-01-28 21:00:00,-1,
1166,196641690036,28,3,Access,2026-01-29 05:00:00,-1,
1167,910348161816,15,1,Access,2026-01-29 07:45:00,-1,
1168,910348161816,15,1,Access,2026-01-29 07:45:00,-1,
1169,281772244185,5,2,Access,2026-01-29 08:00:00,-1,
1170,910348161816,15,1,Access,2026-01-29 14:00:00,-1,
1171,910348161816,15,1,Access,2026-01-29 14:20:00,-1,
1172,118139526546,52,2,Access,2026-01-29 18:30:00,-1,
1173,910348161816,15,1,Access,2026-01-29 20:20:00,-1,
1174,910348161816,15,1,Access,2026-01-29 20:20:00,-1,
1175,766490599880,16,1,Access,2026-01-29 21:00:00,-1,
1176,766490599880,16,1,Access,2026-01-29 21:30:00,-1,
1177,982136058275,27,2,Access,2026-01-30 07:30:00,-2,
1178,281772244185,5,2,Access,2026-01-30 07:30:00,-1,
1179,910348161816,15,1,Access,2026-01-30 08:20:00,-1,
1180,910348161816,15,1,Access,2026-01-30 14:00:00,-1,
1181,600832053119,17,3,Access,2026-01-30 16:00:00,-1,
1182,118139526546,52,2,Access,2026-01-30 18:30:00,-1,
1183,910348161816,15,1,Access,2026-01-30 20:20:00,-1,
1184,766490599880,16,1,Access,2026-01-30 21:30:00,-1,
1185,982136058275,27,2,Access,2026-01-31 06:30:00,-2,
1186,281772244185,5,2,Access,2026-01-31 06:30:00,-1,
1187,910348161816,15,1,Access,2026-01-31 08:20:00,-1,
1188,910348161816,15,1,Access,2026-01-31 14:00:00,-1,
1189,505186266550,42,3,Access,2026-01-31 17:00:00,-1,
1190,910348161816,15,1,Access,2026-01-31 20:00:00,-1,
1191,766490599880,16,1,Access,2026-01-31 21:30:00,-1,
1192,982136058275,27,2,Access,2026-02-01 05:30:00,-2,
1193,216703345251,54,3,Access,2026-02-01 08:00:00,-1,
1194,910348161816,15,1,Access,2026-02-01 08:00:00,-1,
1195,517803599150,2,1,Access,2026-02-01 09:00:00,-1,
1196,602798878354,20,1,Access,2026-02-01 09:00:00,-1,
1197,910348161816,15,1,Access,2026-02-01 13:45:00,-1,
1198,118139526546,52,2,Access,2026-02-01 18:30:00,-1,
1199,910348161816,15,1,Access,2026-02-01 20:20:00,-1,
1200,766490599880,16,1,Access,2026-02-01 21:00:00,-1,
1201,982136058275,27,2,Access,2026-02-02 07:00:00,-2,
1202,910348161816,15,1,Access,2026-02-02 07:45:00,-1,
1203,341904070393,88,3,Access,2026-02-02 08:00:00,-1,
1204,910348161816,15,1,Access,2026-02-02 13:45:00,-1,
1205,517803599150,2,1,Access,2026-02-02 14:00:00,-1,
1206,910348161816,15,1,Access,2026-02-02 19:45:00,-1,
1207,766490599880,16,1,Access,2026-02-02 21:30:00,-1,
1208,910348161816,15,1,Access,2026-02-03 07:45:00,-1,
1209,982136058275,27,2,Access,2026-02-03 09:15:00,-2,
1210,766987468230,59,3,Access,2026-02-03 12:00:00,-1,
1211,910348161816,15,1,Access,2026-02-03 14:00:00,-1,
1212,910348161816,15,1,Access,2026-02-03 19:45:00,-1,
1213,766490599880,16,1,Access,2026-02-03 21:30:00,-1,
1214,118139526546,52,2,Access,2026-02-04 07:30:00,-1,
1215,910348161816,15,1,Access,2026-02-04 08:00:00,-1,
1216,281772244185,5,2,Access,2026-02-04 09:15:00,-1,
1217,281772244185,5,3,Access,2026-02-04 11:00:00,-1,
1218,910348161816,15,1,Access,2026-02-04 14:00:00,-1,
1219,910348161816,15,1,Access,2026-02-04 20:20:00,-1,
1220,766490599880,16,1,Access,2026-02-04 21:30:00,-1,
1221,982136058275,27,2,Access,2026-02-05 07:30:00,-2,
1222,281772244185,5,2,Access,2026-02-05 07:30:00,-1,
1223,910348161816,15,1,Access,2026-02-05 08:00:00,-1,
1224,333597981303,10,3,Access,2026-02-05 09:00:00,-1,
1225,910348161816,15,1,Access,2026-02-05 14:00:00,-1,
1226,910348161816,15,1,Access,2026-02-05 19:45:00,-1,
1227,766490599880,16,1,Access,2026-02-05 21:00:00,-1,
1228,982136058275,27,2,Access,2026-02-06 05:30:00,-2,
1229,281772244185,5,2,Access,2026-02-06 05:30:00,-1,
1230,472697964768,78,2,Access,2026-02-06 07:00:00,-1,
1231,118139526546,52,2,Access,2026-02-06 07:30:00,-1,
1232,674176083062,55,3,Access,2026-02-06 08:00:00,-1,
1233,910348161816,15,1,Access,2026-02-06 08:00:00,-1,
1234,910348161816,15,1,Access,2026-02-06 14:20:00,-1,
1235,910348161816,15,1,Access,2026-02-06 19:45:00,-1,
1236,766490599880,16,1,Access,2026-02-06 21:00:00,-1,
1237,910348161816,15,1,Access,2026-02-07 08:00:00,-1,
1238,982136058275,27,2,Access,2026-02-07 09:15:00,-2,
1239,281772244185,5,2,Access,2026-02-07 09:15:00,-1,
1240,167928307462,92,3,Access,2026-02-07 12:00:00,-1,
1241,910348161816,15,1,Access,2026-02-07 14:00:00,-1,
1242,517803599150,2,1,Access,2026-02-07 19:00:00,-1,
1243,910348161816,15,1,Access,2026-02-07 20:00:00,-1,
1244,766490599880,16,1,Access,2026-02-07 20:30:00,-1,
1245,793402680681,62,3,Access,2026-02-08 06:00:00,-1,
1246,118139526546,52,2,Access,2026-02-08 07:30:00,-1,
1247,910348161816,15,1,Access,2026-02-08 08:00:00,-1,
1248,982136058275,27,2,Access,2026-02-08 09:15:00,-2,
1249,281772244185,5,2,Access,2026-02-08 09:15:00,-1,
1250,910348161816,15,1,Access,2026-02-08 13:45:00,-1,
1251,910348161816,15,1,Access,2026-02-08 19:45:00,-1,
1252,766490599880,16,1,Access,2026-02-08 20:30:00,-1,
1253,982136058275,27,2,Access,2026-02-09 06:30:00,-2,
1254,281772244185,5,2,Access,2026-02-09 06:30:00,-1,
1255,910348161816,15,1,Access,2026-02-09 08:20:00,-1,
1256,602798878354,20,1,Access,2026-02-09 11:00:00,-1,
1257,910348161816,15,1,Access,2026-02-09 14:00:00,-1,
1258,118139526546,52,3,Access,2026-02-09 15:00:00,-1,
1259,472697964768,78,2,Access,2026-02-09 17:00:00,-1,
1260,118139526546,52,2,Access,2026-02-09 17:50:00,-1,
1261,910348161816,15,1,Access,2026-02-09 19:45:00,-1,
1262,766490599880,16,1,Access,2026-02-09 21:00:00,-1,
1263,910348161816,15,1,Access,2026-02-10 08:20:00,-1,
1264,982136058275,27,2,Access,2026-02-10 09:15:00,-2,
1265,910348161816,15,1,Access,2026-02-10 13:45:00,-1,
1266,517803599150,2,1,Access,2026-02-10 15:00:00,-1,
1267,778309208462,58,3,Access,2026-02-10 18:00:00,-1,
1268,910348161816,15,1,Access,2026-02-10 19:45:00,-1,
1269,766490599880,16,1,Access,2026-02-10 21:30:00,-1,
1270,104219040581,4,3,Access,2026-02-11 06:00:00,-1,
1271,910348161816,15,1,Access,2026-02-11 08:00:00,-1,
1272,281772244185,5,2,Access,2026-02-11 09:15:00,-1,
1273,910348161816,15,1,Access,2026-02-11 14:20:00,-1,
1274,910348161816,15,1,Access,2026-02-11 20:20:00,-1,
1275,766490599880,16,1,Access,2026-02-11 21:30:00,-1,
1276,392967344872,79,3,Access,2026-02-12 07:00:00,-1,
1277,910348161816,15,1,Access,2026-02-12 08:00:00,-1,
1278,281772244185,5,2,Access,2026-02-12 09:15:00,-1,
1279,910348161816,15,1,Access,2026-02-12 13:45:00,-1,
1280,118139526546,52,2,Access,2026-02-12 18:00:00,-1,
1281,517803599150,2,1,Access,2026-02-12 19:00:00,-1,
1282,910348161816,15,1,Access,2026-02-12 20:20:00,-1,
1283,766490599880,16,1,Access,2026-02-12 21:00:00,-1,
1284,982136058275,27,2,Access,2026-02-13 04:45:00,-2,
1285,910348161816,15,1,Access,2026-02-13 07:45:00,-1,
1286,602246304071,82,3,Access,2026-02-13 12:00:00,-1,
1287,910348161816,15,1,Access,2026-02-13 14:20:00,-1,
1288,118139526546,52,2,Access,2026-02-13 18:00:00,-1,
1289,910348161816,15,1,Access,2026-02-13 20:00:00,-1,
1290,766490599880,16,1,Access,2026-02-13 21:00:00,-1,
1291,718098556004,63,3,Access,2026-02-14 08:00:00,-1,
1292,910348161816,15,1,Access,2026-02-14 08:00:00,-1,
1293,982136058275,27,2,Access,2026-02-14 09:15:00,-2,
1294,910348161816,15,1,Access,2026-02-14 13:45:00,-1,
1295,910348161816,15,1,Access,2026-02-14 20:20:00,-1,
1296,766490599880,16,1,Access,2026-02-14 21:00:00,-1,
1297,982136058275,27,2,Access,2026-02-15 04:45:00,-2,
1298,281772244185,5,2,Access,2026-02-15 04:45:00,-1,
1299,118139526546,52,2,Access,2026-02-15 07:30:00,-1,
1300,910348161816,15,1,Access,2026-02-15 08:00:00,-1,
1301,517803599150,2,1,Access,2026-02-15 11:00:00,-1,
1302,910348161816,15,1,Access,2026-02-15 14:20:00,-1,
1303,600832053119,17,3,Access,2026-02-15 19:00:00,-1,
1304,910348161816,15,1,Access,2026-02-15 20:20:00,-1,
1305,766490599880,16,1,Access,2026-02-15 21:30:00,-1,
1306,281772244185,5,2,Access,2026-02-16 04:45:00,-1,
1307,148388606079,36,3,Access,2026-02-16 07:00:00,-1,
1308,910348161816,15,1,Access,2026-02-16 07:45:00,-1,
1309,910348161816,15,1,Access,2026-02-16 14:00:00,-1,
1310,910348161816,15,1,Access,2026-02-16 19:45:00,-1,
1311,766490599880,16,1,Access,2026-02-16 21:30:00,-1,
1312,579944595686,73,3,Access,2026-02-17 05:00:00,-1,
1313,910348161816,15,1,Access,2026-02-17 08:00:00,-1,
1314,982136058275,27,2,Access,2026-02-17 09:15:00,-2,
1315,281772244185,5,2,Access,2026-02-17 09:15:00,-1,
1316,910348161816,15,1,Access,2026-02-17 14:00:00,-1,
1317,517803599150,2,1,Access,2026-02-17 14:00:00,-1,
1318,118139526546,52,2,Access,2026-02-17 18:00:00,-1,
1319,910348161816,15,1,Access,2026-02-17 19:45:00,-1,
1320,766490599880,16,1,Access,2026-02-17 21:00:00,-1,
1321,910348161816,15,1,Access,2026-02-18 08:20:00,-1,
1322,597832813342,75,3,Access,2026-02-18 09:00:00,-1,
1323,602798878354,20,1,Access,2026-02-18 09:00:00,-1,
1324,982136058275,27,2,Access,2026-02-18 09:15:00,-2,
1325,910348161816,15,1,Access,2026-02-18 14:00:00,-1,
1326,910348161816,15,1,Access,2026-02-18 20:00:00,-1,
1327,766490599880,16,1,Access,2026-02-18 20:30:00,-1,
1328,982136058275,27,2,Access,2026-02-19 07:30:00,-2,
1329,281772244185,5,2,Access,2026-02-19 07:30:00,-1,
1330,910348161816,15,1,Access,2026-02-19 08:00:00,-1,
1331,647859382842,56,3,Access,2026-02-19 09:00:00,-1,
1332,910348161816,15,1,Access,2026-02-19 14:20:00,-1,
1333,517803599150,2,1,Access,2026-02-19 17:00:00,-1,
1334,910348161816,15,1,Access,2026-02-19 20:00:00,-1,
1335,766490599880,16,1,Access,2026-02-19 20:30:00,-1,
1336,982136058275,27,2,Access,2026-02-20 08:00:00,-2,
1337,910348161816,15,1,Access,2026-02-20 08:20:00,-1,
1338,910348161816,15,1,Access,2026-02-20 13:45:00,-1,
1339,604581468157,81,3,Access,2026-02-20 16:00:00,-1,
1340,118139526546,52,2,Access,2026-02-20 18:30:00,-1,
1341,910348161816,15,1,Access,2026-02-20 20:00:00,-1,
1342,766490599880,16,1,Access,2026-02-20 20:30:00,-1,
1343,982136058275,27,2,Access,2026-02-21 06:30:00,-2,
1344,281772244185,5,2,Access,2026-02-21 06:30:00,-1,
1345,910348161816,15,1,Access,2026-02-21 08:20:00,-1,
1346,602798878354,20,1,Access,2026-02-21 12:00:00,-1,
1347,910348161816,15,1,Access,2026-02-21 13:45:00,-1,
1348,814935297846,26,3,Access,2026-02-21 15:00:00,-1,
1349,910348161816,15,1,Access,2026-02-21 20:00:00,-1,
1350,766490599880,16,1,Access,2026-02-21 20:30:00,-1,
1351,982136058275,27,2,Access,2026-02-22 04:45:00,-2,
1352,281772244185,5,2,Access,2026-02-22 04:45:00,-1,
1353,910348161816,15,1,Access,2026-02-22 07:45:00,-1,
1354,982136058275,27,3,Access,2026-02-22 12:00:00,-2,
1355,910348161816,15,1,Access,2026-02-22 14:00:00,-1,
1356,910348161816,15,1,Access,2026-02-22 19:45:00,-1,
1357,766490599880,16,1,Access,2026-02-22 20:30:00,-1,
1358,301230338732,3,3,Access,2026-02-23 08:00:00,-1,
1359,910348161816,15,1,Access,2026-02-23 08:20:00,-1,
1360,982136058275,27,2,Access,2026-02-23 09:15:00,-2,
1361,281772244185,5,2,Access,2026-02-23 09:15:00,-1,
1362,910348161816,15,1,Access,2026-02-23 13:45:00,-1,
1363,118139526546,52,2,Access,2026-02-23 18:10:00,-1,
1364,910348161816,15,1,Access,2026-02-23 20:00:00,-1,
1365,766490599880,16,1,Access,2026-02-23 21:30:00,-1,
1366,118139526546,52,2,Access,2026-02-24 07:30:00,-1,
1367,910348161816,15,1,Access,2026-02-24 07:45:00,-1,
1368,464784707322,13,3,Access,2026-02-24 08:00:00,-1,
1369,910348161816,15,1,Access,2026-02-24 14:00:00,-1,
1370,910348161816,15,1,Access,2026-02-24 19:45:00,-1,
1371,766490599880,16,1,Access,2026-02-24 21:30:00,-1,
1372,910348161816,15,1,Access,2026-02-25 08:00:00,-1,
1373,982136058275,27,2,Access,2026-02-25 09:15:00,-2,
1374,281772244185,5,2,Access,2026-02-25 09:15:00,-1,
1375,148388606079,36,3,Access,2026-02-25 14:00:00,-1,
1376,910348161816,15,1,Access,2026-02-25 14:20:00,-1,
1377,602798878354,20,1,Access,2026-02-25 17:00:00,-1,
1378,910348161816,15,1,Access,2026-02-25 20:00:00,-1,
1379,766490599880,16,1,Access,2026-02-25 21:30:00,-1,
1380,778309208462,58,3,Access,2026-02-26 05:00:00,-1,
1381,602798878354,20,1,Access,2026-02-26 08:00:00,-1,
1382,910348161816,15,1,Access,2026-02-26 08:20:00,-1,
1383,517803599150,2,1,Access,2026-02-26 09:00:00,-1,
1384,281772244185,5,2,Access,2026-02-26 09:15:00,-1,
1385,910348161816,15,1,Access,2026-02-26 14:00:00,-1,
1386,118139526546,52,2,Access,2026-02-26 18:10:00,-1,
1387,910348161816,15,1,Access,2026-02-26 19:45:00,-1,
1388,766490599880,16,1,Access,2026-02-26 21:00:00,-1,
1389,982136058275,27,2,Access,2026-02-27 04:45:00,-2,
1390,483770087100,32,3,Access,2026-02-27 05:00:00,-1,
1391,517803599150,2,1,Access,2026-02-27 05:00:00,-1,
1392,910348161816,15,1,Access,2026-02-27 08:20:00,-1,
1393,472697964768,78,2,Access,2026-02-27 11:00:00,-1,
1394,602798878354,20,1,Access,2026-02-27 12:00:00,-1,
1395,910348161816,15,1,Access,2026-02-27 14:00:00,-1,
1396,910348161816,15,1,Access,2026-02-27 19:45:00,-1,
1397,766490599880,16,1,Access,2026-02-27 20:30:00,-1,
1398,281772244185,5,2,Access,2026-02-28 04:45:00,-1,
1399,910348161816,15,1,Access,2026-02-28 07:45:00,-1,
1400,472697964768,78,2,Access,2026-02-28 09:00:00,-1,
1401,118139526546,52,3,Access,2026-02-28 14:00:00,-1,
1402,910348161816,15,1,Access,2026-02-28 14:20:00,-1,
1403,910348161816,15,1,Access,2026-02-28 19:45:00,-1,
1404,766490599880,16,1,Access,2026-02-28 21:00:00,-1,
1405,910348161816,15,1,Access,2026-03-01 07:45:00,-1,
1406,718098556004,63,3,Access,2026-03-01 13:00:00,-1,
1407,910348161816,15,1,Access,2026-03-01 14:20:00,-1,
1408,118139526546,52,2,Access,2026-03-01 18:30:00,-1,
1409,910348161816,15,1,Access,2026-03-01 20:20:00,-1,
1410,766490599880,16,1,Access,2026-03-01 20:30:00,-1,
1411,281772244185,5,2,Access,2026-03-02 04:45:00,-1,
1412,766490599880,16,3,Access,2026-03-02 07:00:00,-1,
1413,910348161816,15,1,Access,2026-03-02 08:00:00,-1,
1414,910348161816,15,1,Access,2026-03-02 14:00:00,-1,
1415,910348161816,15,1,Access,2026-03-02 20:20:00,-1,
1416,766490599880,16,1,Access,2026-03-02 20:30:00,-1,
1417,910348161816,15,1,Access,2026-03-03 07:45:00,-1,
1418,982136058275,27,2,Access,2026-03-03 08:00:00,-2,
1419,148388606079,36,3,Access,2026-03-03 13:00:00,-1,
1420,910348161816,15,1,Access,2026-03-03 14:20:00,-1,
1421,118139526546,52,2,Access,2026-03-03 18:30:00,-1,
1422,910348161816,15,1,Access,2026-03-03 20:20:00,-1,
1423,766490599880,16,1,Access,2026-03-03 21:30:00,-1,
1424,118139526546,52,2,Access,2026-03-04 07:30:00,-1,
1425,910348161816,15,1,Access,2026-03-04 08:00:00,-1,
1426,982136058275,27,2,Access,2026-03-04 08:00:00,-2,
1427,910348161816,15,1,Access,2026-03-04 14:20:00,-1,
1428,517803599150,2,1,Access,2026-03-04 16:00:00,-1,
1429,602798878354,20,1,Access,2026-03-04 17:00:00,-1,
1430,181641969075,34,3,Access,2026-03-04 18:00:00,-1,
1431,910348161816,15,1,Access,2026-03-04 19:45:00,-1,
1432,766490599880,16,1,Access,2026-03-04 20:30:00,-1,
1433,333597981303,10,3,Access,2026-03-05 06:00:00,-1,
1434,118139526546,52,2,Access,2026-03-05 07:30:00,-1,
1435,910348161816,15,1,Access,2026-03-05 08:20:00,-1,
1436,982136058275,27,2,Access,2026-03-05 09:15:00,-2,
1437,910348161816,15,1,Access,2026-03-05 13:45:00,-1,
1438,910348161816,15,1,Access,2026-03-05 19:45:00,-1,
1439,766490599880,16,1,Access,2026-03-05 21:00:00,-1,
1440,859027997796,25,3,Access,2026-03-06 06:00:00,-1,
1441,910348161816,15,1,Access,2026-03-06 08:20:00,-1,
1442,982136058275,27,2,Access,2026-03-06 09:15:00,-2,
1443,281772244185,5,2,Access,2026-03-06 09:15:00,-1,
1444,910348161816,15,1,Access,2026-03-06 14:20:00,-1,
1445,602798878354,20,1,Access,2026-03-06 17:00:00,-1,
1446,118139526546,52,2,Access,2026-03-06 18:10:00,-1,
1447,910348161816,15,1,Access,2026-03-06 20:20:00,-1,
1448,766490599880,16,1,Access,2026-03-06 20:30:00,-1,
1449,910348161816,15,1,Access,2026-03-07 07:45:00,-1,
1450,281772244185,5,2,Access,2026-03-07 09:15:00,-1,
1451,910348161816,15,1,Access,2026-03-07 14:20:00,-1,
1452,911215906835,74,3,Access,2026-03-07 18:00:00,-1,
1453,910348161816,15,1,Access,2026-03-07 19:45:00,-1,
1454,766490599880,16,1,Access,2026-03-07 21:30:00,-1,
1455,910348161816,15,1,Access,2026-03-08 07:45:00,-1,
1456,517803599150,2,1,Access,2026-03-08 08:00:00,-1,
1457,982136058275,27,2,Access,2026-03-08 09:15:00,-2,
1458,281772244185,5,2,Access,2026-03-08 09:15:00,-1,
1459,392967344872,79,3,Access,2026-03-08 11:00:00,-1,
1460,910348161816,15,1,Access,2026-03-08 14:00:00,-1,
1461,118139526546,52,2,Access,2026-03-08 18:10:00,-1,
1462,910348161816,15,1,Access,2026-03-08 19:45:00,-1,
1463,766490599880,16,1,Access,2026-03-08 21:30:00,-1,
1464,517803599150,2,1,Access,2026-03-09 07:00:00,-1,
1465,982136058275,27,2,Access,2026-03-09 07:30:00,-2,
1466,281772244185,5,2,Access,2026-03-09 07:30:00,-1,
1467,910348161816,15,1,Access,2026-03-09 08:00:00,-1,
1468,910348161816,15,1,Access,2026-03-09 13:45:00,-1,
1469,248423875210,46,3,Access,2026-03-09 19:00:00,-1,
1470,910348161816,15,1,Access,2026-03-09 20:00:00,-1,
1471,766490599880,16,1,Access,2026-03-09 21:00:00,-1,
1472,829091962214,7,3,Access,2026-03-10 08:00:00,-1,
1473,910348161816,15,1,Access,2026-03-10 08:20:00,-1,
1474,982136058275,27,2,Access,2026-03-10 09:15:00,-2,
1475,281772244185,5,2,Access,2026-03-10 09:15:00,-1,
1476,910348161816,15,1,Access,2026-03-10 14:00:00,-1,
1477,118139526546,52,2,Access,2026-03-10 18:00:00,-1,
1478,910348161816,15,1,Access,2026-03-10 20:20:00,-1,
1479,766490599880,16,1,Access,2026-03-10 21:00:00,-1,
1480,910348161816,15,1,Access,2026-03-11 08:00:00,-1,
1481,982136058275,27,2,Access,2026-03-11 09:15:00,-2,
1482,281772244185,5,2,Access,2026-03-11 09:15:00,-1,
1483,910348161816,15,1,Access,2026-03-11 13:45:00,-1,
1484,831740579796,37,3,Access,2026-03-11 14:00:00,-1,
1485,910348161816,15,1,Access,2026-03-11 20:20:00,-1,
1486,766490599880,16,1,Access,2026-03-11 20:30:00,-1,
1487,982136058275,27,2,Access,2026-03-12 07:00:00,-2,
1488,281772244185,5,2,Access,2026-03-12 07:00:00,-1,
1489,910348161816,15,1,Access,2026-03-12 08:00:00,-1,
1490,910348161816,15,1,Access,2026-03-12 13:45:00,-1,
1491,116201440367,77,3,Access,2026-03-12 14:00:00,-1,
1492,118139526546,52,2,Access,2026-03-12 18:10:00,-1,
1493,910348161816,15,1,Access,2026-03-12 20:00:00,-1,
1494,766490599880,16,1,Access,2026-03-12 20:30:00,-1,
1495,982136058275,27,2,Access,2026-03-13 06:30:00,-2,
1496,281772244185,5,2,Access,2026-03-13 06:30:00,-1,
1497,910348161816,15,1,Access,2026-03-13 07:45:00,-1,
1498,181641969075,34,3,Access,2026-03-13 11:00:00,-1,
1499,910348161816,15,1,Access,2026-03-13 13:45:00,-1,
1500,118139526546,52,2,Access,2026-03-13 17:50:00,-1,
1501,910348161816,15,1,Access,2026-03-13 19:45:00,-1,
1502,766490599880,16,1,Access,2026-03-13 20:30:00,-1,
1503,982136058275,27,2,Access,2026-03-14 05:30:00,-2,
1504,281772244185,5,2,Access,2026-03-14 05:30:00,-1,
1505,118139526546,52,2,Access,2026-03-14 07:30:00,-1,
1506,910348161816,15,1,Access,2026-03-14 08:20:00,-1,
1507,910348161816,15,1,Access,2026-03-14 13:45:00,-1,
1508,907366507418,29,3,Access,2026-03-14 14:00:00,-1,
1509,910348161816,15,1,Access,2026-03-14 20:00:00,-1,
1510,766490599880,16,1,Access,2026-03-14 21:30:00,-1,
1511,982136058275,27,2,Access,2026-03-15 06:30:00,-2,
1512,281772244185,5,2,Access,2026-03-15 06:30:00,-1,
1513,910348161816,15,1,Access,2026-03-15 07:45:00,-1,
1514,829091962214,7,3,Access,2026-03-15 13:00:00,-1,
1515,910348161816,15,1,Access,2026-03-15 14:20:00,-1,
1516,118139526546,52,2,Access,2026-03-15 18:30:00,-1,
1517,910348161816,15,1,Access,2026-03-15 20:00:00,-1,
1518,766490599880,16,1,Access,2026-03-15 21:00:00,-1,
